610,2020-10-06 19:00:00,9.7
611,2020-10-06 19:10:00,16.3559322
612,2020-10-06 19:20:00,13.27321429
613,2020-10-06 19:30:00,5.1375
614,2020-10-06 19:40:00,0
615,2020-10-06 19:50:00,4.2
616,2020-10-06 20:00:00,0
617,2020-10-06 20:10:00,10.92820513
618,2020-10-06 20:20:00,15.67288136
619,2020-10-06 20:30:00,16.35714286
620,2020-10-06 20:40:00,14.7775
621,2020-10-06 20:50:00,16.38867925
622,2020-10-06 21:00:00,16.17321429
623,2020-10-06 21:10:00,15.97857143
624,2020-10-06 21:20:00,15.79166667
625,2020-10-06 21:30:00,15.66666667
626,2020-10-06 21:40:00,15.55263158
627,2020-10-06 21:50:00,15.70847458
628,2020-10-06 22:00:00,16.1862069
629,2020-10-06 22:10:00,17.36206897
630,2020-10-06 22:20:00,18.73389831
631,2020-10-06 22:30:00,20.07592593
632,2020-10-06 22:40:00,20.90566038
633,2020-10-06 22:50:00,21.19661017
634,2020-10-06 23:00:00,21.13728814
635,2020-10-06 23:10:00,20.99830508
636,2020-10-06 23:20:00,20.825
637,2020-10-06 23:30:00,20.63448276
638,2020-10-06 23:40:00,20.47368421
639,2020-10-06 23:50:00,20.30847458
640,2020-10-07 00:00:00,20.12881356
641,2020-10-07 00:10:00,19.99642857
642,2020-10-07 00:20:00,19.88245614
643,2020-10-07 00:30:00,19.76896552
644,2020-10-07 00:40:00,19.76428571
645,2020-10-07 00:50:00,19.81896552
646,2020-10-07 01:00:00,20.05254237
647,2020-10-07 01:10:00,20.5137931
648,2020-10-07 01:20:00,21.035
649,2020-10-07 01:30:00,21.54655172
650,2020-10-07 01:40:00,21.91785714
651,2020-10-07 01:50:00,22.36610169
652,2020-10-07 02:00:00,22.43275862
653,2020-10-07 02:10:00,22.22758621
654,2020-10-07 02:20:00,21.985
655,2020-10-07 02:30:00,21.79642857
656,2020-10-07 02:40:00,21.52545455
657,2020-10-07 02:50:00,21.36923077
658,2020-10-07 03:00:00,21.1
659,2020-10-07 03:10:00,20.86101695
660,2020-10-07 03:20:00,20.60169492
661,2020-10-07 03:30:00,20.33389831
662,2020-10-07 03:40:00,20.12542373
663,2020-10-07 03:50:00,19.95454545
664,2020-10-07 04:00:00,19.72
665,2020-10-07 04:10:00,19.55438596
666,2020-10-07 04:20:00,19.37321429
667,2020-10-07 04:30:00,19.18305085
668,2020-10-07 04:40:00,18.98333333
669,2020-10-07 04:50:00,18.80333333
670,2020-10-07 05:00:00,18.67272727
671,2020-10-07 05:10:00,18.54210526
672,2020-10-07 05:20:00,18.39830508
673,2020-10-07 05:30:00,18.2877193
674,2020-10-07 05:40:00,18.09814815
675,2020-10-07 05:50:00,17.89661017
676,2020-10-07 06:00:00,17.72033898
677,2020-10-07 06:10:00,17.57368421
678,2020-10-07 06:20:00,17.43728814
679,2020-10-07 06:30:00,17.33220339
680,2020-10-07 06:40:00,17.08333333
681,2020-10-07 06:50:00,16.97017544
682,2020-10-07 07:00:00,16.82586207
683,2020-10-07 07:10:00,16.71454545
684,2020-10-07 07:20:00,16.51694915
685,2020-10-07 07:30:00,16.44814815
686,2020-10-07 07:40:00,16.30833333
687,2020-10-07 07:50:00,16.15689655
688,2020-10-07 08:00:00,16.09333333
689,2020-10-07 08:10:00,15.97068966
690,2020-10-07 08:20:00,15.84745763
691,2020-10-07 08:30:00,15.82909091
692,2020-10-07 08:40:00,15.68148148
693,2020-10-07 08:50:00,15.89464286
694,2020-10-07 09:00:00,16.69473684
695,2020-10-07 09:10:00,17.12931034
696,2020-10-07 09:20:00,17.63559322
697,2020-10-07 09:30:00,17.73448276
698,2020-10-07 09:40:00,17.77142857
699,2020-10-07 09:50:00,17.84067797
700,2020-10-07 10:00:00,17.73275862
701,2020-10-07 10:10:00,17.70333333
702,2020-10-07 10:20:00,17.55925926
703,2020-10-07 10:30:00,17.56909091
704,2020-10-07 10:40:00,17.53148148
705,2020-10-07 10:50:00,17.54827586
706,2020-10-07 11:00:00,17.65
707,2020-10-07 11:10:00,17.78245614
708,2020-10-07 11:20:00,18.18363636
709,2020-10-07 11:30:00,18.84736842
710,2020-10-07 11:40:00,19.02982456
711,2020-10-07 11:50:00,19.03859649
712,2020-10-07 12:00:00,18.98813559
713,2020-10-07 12:10:00,19.05833333
714,2020-10-07 12:20:00,19.13965517
715,2020-10-07 12:30:00,19.2122807
716,2020-10-07 12:40:00,19.31785714
717,2020-10-07 12:50:00,19.44915254
718,2020-10-07 13:00:00,19.7877193
719,2020-10-07 13:10:00,19.90175439
720,2020-10-07 13:20:00,19.94745763
721,2020-10-07 13:30:00,20.13050847
722,2020-10-07 13:40:00,20.2440678
723,2020-10-07 13:50:00,21.22033898
724,2020-10-07 14:00:00,22.92545455
725,2020-10-07 14:10:00,23.23103448
726,2020-10-07 14:20:00,23.03448276
727,2020-10-07 14:30:00,22.79090909
728,2020-10-07 14:40:00,22.5462963
729,2020-10-07 14:50:00,22.29322034
730,2020-10-07 15:00:00,21.97115385
731,2020-10-07 15:10:00,21.78545455
732,2020-10-07 15:20:00,21.52857143
733,2020-10-07 15:30:00,21.35964912
734,2020-10-07 15:40:00,21.13928571
735,2020-10-07 15:50:00,20.83220339
736,2020-10-07 16:00:00,20.68793103
737,2020-10-07 16:10:00,20.57818182
738,2020-10-07 16:20:00,20.33103448
739,2020-10-07 16:30:00,20.12545455
740,2020-10-07 16:40:00,19.88888889
741,2020-10-07 16:50:00,19.63103448
742,2020-10-07 17:00:00,19.43818182
743,2020-10-07 17:10:00,19.20862069
744,2020-10-07 17:20:00,19.00877193
745,2020-10-07 17:30:00,18.82033898
746,2020-10-07 17:40:00,18.64909091
747,2020-10-07 17:50:00,18.50357143
748,2020-10-07 18:00:00,18.3245614
749,2020-10-07 18:10:00,18.20526316
750,2020-10-07 18:20:00,18.03
751,2020-10-07 18:30:00,17.72413793
752,2020-10-07 18:40:00,17.66428571
753,2020-10-07 18:50:00,17.37857143
754,2020-10-07 19:00:00,17.40363636
755,2020-10-07 19:10:00,17.17068966
756,2020-10-07 19:20:00,17.01636364
757,2020-10-07 19:30:00,16.88181818
758,2020-10-07 19:40:00,16.55438596
759,2020-10-07 19:50:00,16.68245614
760,2020-10-07 20:00:00,16.64482759
761,2020-10-07 20:10:00,16.63965517
762,2020-10-07 20:20:00,16.5137931
763,2020-10-07 20:30:00,16.54
764,2020-10-07 20:40:00,16.5537037
765,2020-10-07 20:50:00,16.55714286
766,2020-10-07 21:00:00,16.52
767,2020-10-07 21:10:00,16.39482759
768,2020-10-07 21:20:00,16.49166667
769,2020-10-07 21:30:00,16.45510204
770,2020-10-07 21:40:00,16.4877193
771,2020-10-07 21:50:00,16.40677966
772,2020-10-07 22:00:00,16.46034483
773,2020-10-07 22:10:00,16.45
774,2020-10-07 22:20:00,16.67142857
775,2020-10-07 22:30:00,18.4
776,2020-10-07 22:40:00,21.34705882
777,2020-10-07 22:50:00,22.95178571
778,2020-10-07 23:00:00,23.30188679
779,2020-10-07 23:10:00,23.29649123
780,2020-10-07 23:20:00,23.095
781,2020-10-07 23:30:00,22.92857143
782,2020-10-07 23:40:00,22.92807018
783,2020-10-07 23:50:00,22.99830508
784,2020-10-08 00:00:00,23.16140351
785,2020-10-08 00:10:00,26.0137931
786,2020-10-08 00:20:00,33.69333333
787,2020-10-08 00:30:00,43.32372881
788,2020-10-08 00:40:00,52.25454545
789,2020-10-08 00:50:00,59.80178571
790,2020-10-08 01:00:00,65.09661017
791,2020-10-08 01:10:00,66.74385965
792,2020-10-08 01:20:00,66.82241379
793,2020-10-08 01:30:00,66.5875
794,2020-10-08 01:40:00,66.04339623
795,2020-10-08 01:50:00,64.95254237
796,2020-10-08 02:00:00,63.77241379
797,2020-10-08 02:10:00,62.4137931
798,2020-10-08 02:20:00,61.12
799,2020-10-08 02:30:00,59.87857143
800,2020-10-08 02:40:00,58.56538462
801,2020-10-08 02:50:00,57.26181818
802,2020-10-08 03:00:00,55.97777778
803,2020-10-08 03:10:00,54.76607143
804,2020-10-08 03:20:00,53.55254237
805,2020-10-08 03:30:00,52.42413793
806,2020-10-08 03:40:00,51.27241379
807,2020-10-08 03:50:00,50.50677966
808,2020-10-08 04:00:00,49.71403509
809,2020-10-08 04:10:00,48.80517241
810,2020-10-08 04:20:00,48.10689655
811,2020-10-08 04:30:00,47.39636364
812,2020-10-08 04:40:00,47.57407407
813,2020-10-08 04:50:00,50.56727273
814,2020-10-08 05:00:00,53.47833333
815,2020-10-08 05:10:00,53.92745098
816,2020-10-08 05:20:00,53.79166667
817,2020-10-08 05:30:00,53.50508475
818,2020-10-08 05:40:00,52.92280702
819,2020-10-08 05:50:00,52.29821429
820,2020-10-08 06:00:00,51.68421053
821,2020-10-08 06:10:00,51.03157895
822,2020-10-08 06:20:00,50.3877193
823,2020-10-08 06:30:00,49.67894737
824,2020-10-08 06:40:00,49.04821429
825,2020-10-08 06:50:00,48.41403509
826,2020-10-08 07:00:00,47.775
827,2020-10-08 07:10:00,47.19830508
828,2020-10-08 07:20:00,46.55438596
829,2020-10-08 07:30:00,45.91403509
830,2020-10-08 07:40:00,45.27931034
831,2020-10-08 07:50:00,44.73859649
832,2020-10-08 08:00:00,44.14166667
833,2020-10-08 08:10:00,43.61864407
834,2020-10-08 08:20:00,43.125
835,2020-10-08 08:30:00,42.66440678
836,2020-10-08 08:40:00,42.17272727
837,2020-10-08 08:50:00,41.68135593
838,2020-10-08 09:00:00,41.27636364
839,2020-10-08 09:10:00,40.8125
840,2020-10-08 09:20:00,40.34561404
841,2020-10-08 09:30:00,39.8559322
842,2020-10-08 09:40:00,39.29655172
843,2020-10-08 09:50:00,38.76610169
844,2020-10-08 10:00:00,38.36481481
845,2020-10-08 10:10:00,37.9559322
846,2020-10-08 10:20:00,37.665
847,2020-10-08 10:30:00,37.28813559
848,2020-10-08 10:40:00,36.84310345
849,2020-10-08 10:50:00,36.38793103
850,2020-10-08 11:00:00,35.96271186
851,2020-10-08 11:10:00,35.46727273
852,2020-10-08 11:20:00,35.03508772
853,2020-10-08 11:30:00,34.51864407
854,2020-10-08 11:40:00,34.0962963
855,2020-10-08 11:50:00,33.72545455
856,2020-10-08 12:00:00,33.41403509
857,2020-10-08 12:10:00,33.14067797
858,2020-10-08 12:20:00,32.93518519
859,2020-10-08 12:30:00,33.0037037
860,2020-10-08 12:40:00,33.85892857
861,2020-10-08 12:50:00,35.54310345
862,2020-10-08 13:00:00,36.2745098
863,2020-10-08 13:10:00,36.22321429
864,2020-10-08 13:20:00,35.855
865,2020-10-08 13:30:00,35.545
866,2020-10-08 13:40:00,35.23636364
867,2020-10-08 13:50:00,34.80357143
868,2020-10-08 14:00:00,34.37241379
869,2020-10-08 14:10:00,35.70517241
870,2020-10-08 14:20:00,38.07627119
871,2020-10-08 14:30:00,40.35925926
872,2020-10-08 14:40:00,41.84
873,2020-10-08 14:50:00,42.46724138
874,2020-10-08 15:00:00,42.74067797
875,2020-10-08 15:10:00,44.01964286
876,2020-10-08 15:20:00,48.19298246
877,2020-10-08 15:30:00,53.2440678
878,2020-10-08 15:40:00,57.91355932
879,2020-10-08 15:50:00,61.89824561
880,2020-10-08 16:00:00,64.87142857
881,2020-10-08 16:10:00,66.71724138
882,2020-10-08 16:20:00,66.74285714
883,2020-10-08 16:30:00,66.04827586
884,2020-10-08 16:40:00,65.08490566
885,2020-10-08 16:50:00,64.0122807
886,2020-10-08 17:00:00,62.96428571
887,2020-10-08 17:10:00,61.79333333
888,2020-10-08 17:20:00,60.618
889,2020-10-08 17:30:00,59.34528302
890,2020-10-08 17:40:00,58.20862069
891,2020-10-08 17:50:00,56.94464286
892,2020-10-08 18:00:00,55.79074074
893,2020-10-08 18:10:00,54.65263158
894,2020-10-08 18:20:00,53.4
895,2020-10-08 18:30:00,52.32909091
896,2020-10-08 18:40:00,51.26545455
897,2020-10-08 18:50:00,50.15172414
898,2020-10-08 19:00:00,49.24482759
899,2020-10-08 19:10:00,48.32807018
900,2020-10-08 19:20:00,47.42586207
901,2020-10-08 19:30:00,46.55283019
902,2020-10-08 19:40:00,45.66271186
903,2020-10-08 19:50:00,44.84385965
904,2020-10-08 20:00:00,44.12777778
905,2020-10-08 20:10:00,43.43666667
906,2020-10-08 20:20:00,42.77857143
907,2020-10-08 20:30:00,42.17241379
908,2020-10-08 20:40:00,41.75925926
909,2020-10-08 20:50:00,41.34285714
910,2020-10-08 21:00:00,41.4122807
911,2020-10-08 21:10:00,41.28928571
912,2020-10-08 21:20:00,41.40169492
913,2020-10-08 21:30:00,44.58644068
914,2020-10-08 21:40:00,53.57368421
915,2020-10-08 21:50:00,64.68666667
916,2020-10-08 22:00:00,74.78421053
917,2020-10-08 22:10:00,82.29107143
918,2020-10-08 22:20:00,87.89107143
919,2020-10-08 22:30:00,90.98571429
920,2020-10-08 22:40:00,92.14807692
921,2020-10-08 22:50:00,92.40338983
922,2020-10-08 23:00:00,93.31428571
923,2020-10-08 23:10:00,94.43050847
924,2020-10-08 23:20:00,94.64666667
925,2020-10-08 23:30:00,93.63111111
926,2020-10-08 23:40:00,92.64237288
927,2020-10-08 23:50:00,91.30392157
928,2020-10-09 00:00:00,90.07142857
929,2020-10-09 00:10:00,88.96333333
930,2020-10-09 00:20:00,88.32758621
931,2020-10-09 00:30:00,87.84210526
932,2020-10-09 00:40:00,87.4037037
933,2020-10-09 00:50:00,86.99824561
934,2020-10-09 01:00:00,86.70172414
935,2020-10-09 01:10:00,88.27142857
936,2020-10-09 01:20:00,92.25357143
937,2020-10-09 01:30:00,95.6220339
938,2020-10-09 01:40:00,97.15087719
939,2020-10-09 01:50:00,98.47966102
940,2020-10-09 02:00:00,100.4362069
941,2020-10-09 02:10:00,101.5533333
942,2020-10-09 02:20:00,101.5913793
943,2020-10-09 02:30:00,101.245614
944,2020-10-09 02:40:00,100.4561404
945,2020-10-09 02:50:00,98.81320755
946,2020-10-09 03:00:00,96.80526316
947,2020-10-09 03:10:00,94.70877193
948,2020-10-09 03:20:00,92.60350877
949,2020-10-09 03:30:00,90.34545455
950,2020-10-09 03:40:00,88.64897959
951,2020-10-09 03:50:00,87.29649123
952,2020-10-09 04:00:00,85.41754386
953,2020-10-09 04:10:00,83.53214286
954,2020-10-09 04:20:00,81.55438596
955,2020-10-09 04:30:00,79.71403509
956,2020-10-09 04:40:00,78.06730769
957,2020-10-09 04:50:00,76.56724138
958,2020-10-09 05:00:00,75.11320755
959,2020-10-09 05:10:00,73.60185185
960,2020-10-09 05:20:00,71.92372881
961,2020-10-09 05:30:00,70.37
962,2020-10-09 05:40:00,68.88947368
963,2020-10-09 05:50:00,67.47666667
964,2020-10-09 06:00:00,66.18518519
965,2020-10-09 06:10:00,64.96842105
966,2020-10-09 06:20:00,63.73275862
967,2020-10-09 06:30:00,62.54107143
968,2020-10-09 06:40:00,61.46
969,2020-10-09 06:50:00,60.23333333
970,2020-10-09 07:00:00,58.99655172
971,2020-10-09 07:10:00,57.79122807
972,2020-10-09 07:20:00,56.61896552
973,2020-10-09 07:30:00,55.4862069
974,2020-10-09 07:40:00,54.52586207
975,2020-10-09 07:50:00,53.65
976,2020-10-09 08:00:00,52.86964286
977,2020-10-09 08:10:00,52.32413793
978,2020-10-09 08:20:00,51.87592593
979,2020-10-09 08:30:00,51.37818182
980,2020-10-09 08:40:00,50.95357143
981,2020-10-09 08:50:00,50.47222222
982,2020-10-09 09:00:00,49.83666667
983,2020-10-09 09:10:00,49.22068966
984,2020-10-09 09:20:00,48.75454545
985,2020-10-09 09:30:00,48.22363636
986,2020-10-09 09:40:00,47.60862069
987,2020-10-09 09:50:00,47.13508772
988,2020-10-09 10:00:00,46.61272727
989,2020-10-09 10:10:00,46.07291667
990,2020-10-09 10:20:00,45.14814815
991,2020-10-09 10:30:00,44.6220339
992,2020-10-09 10:40:00,43.95660377
993,2020-10-09 10:50:00,43.3625
994,2020-10-09 11:00:00,42.77627119
995,2020-10-09 11:10:00,42.28965517
996,2020-10-09 11:20:00,41.74893617
997,2020-10-09 11:30:00,41.27321429
998,2020-10-09 11:40:00,40.76428571
999,2020-10-09 11:50:00,40.24666667
1000,2020-10-09 12:00:00,39.70344828
1001,2020-10-09 12:10:00,39.292
1002,2020-10-09 12:20:00,38.80350877
1003,2020-10-09 12:30:00,38.39814815
1004,2020-10-09 12:40:00,38.0220339
1005,2020-10-09 12:50:00,37.63103448
1006,2020-10-09 13:00:00,37.28421053
1007,2020-10-09 13:10:00,36.79090909
1008,2020-10-09 13:20:00,36.40714286
1009,2020-10-09 13:30:00,36.0122807
1010,2020-10-09 13:40:00,35.5877193
1011,2020-10-09 13:50:00,35.18833333
1012,2020-10-09 14:00:00,34.75
1013,2020-10-09 14:10:00,34.37241379
1014,2020-10-09 14:20:00,34.03684211
1015,2020-10-09 14:30:00,33.59827586
1016,2020-10-09 14:40:00,33.26491228
1017,2020-10-09 14:50:00,32.82678571
1018,2020-10-09 15:00:00,32.41016949
1019,2020-10-09 15:10:00,31.8862069
1020,2020-10-09 15:20:00,31.46363636
1021,2020-10-09 15:30:00,30.98965517
1022,2020-10-09 15:40:00,30.625
1023,2020-10-09 15:50:00,30.255
1024,2020-10-09 16:00:00,29.81
1025,2020-10-09 16:10:00,29.43888889
1026,2020-10-09 16:20:00,29.01132075
1027,2020-10-09 16:30:00,28.70526316
1028,2020-10-09 16:40:00,28.35833333
1029,2020-10-09 16:50:00,28.02142857
1030,2020-10-09 17:00:00,27.6754386
1031,2020-10-09 17:10:00,27.38076923
1032,2020-10-09 17:20:00,27.1125
1033,2020-10-09 17:30:00,26.80338983
1034,2020-10-09 17:40:00,26.4
1035,2020-10-09 17:50:00,26.13928571
1036,2020-10-09 18:00:00,25.79636364
1037,2020-10-09 18:10:00,25.42711864
1038,2020-10-09 18:20:00,25.06964286
1039,2020-10-09 18:30:00,24.69655172
1040,2020-10-09 18:40:00,24.40677966
1041,2020-10-09 18:50:00,24.00333333
1042,2020-10-09 19:00:00,23.65818182
1043,2020-10-09 19:10:00,23.34166667
1044,2020-10-09 19:20:00,23.03965517
1045,2020-10-09 19:30:00,22.74655172
1046,2020-10-09 19:40:00,22.47
1047,2020-10-09 19:50:00,22.18813559
1048,2020-10-09 20:00:00,21.84666667
1049,2020-10-09 20:10:00,21.63962264
1050,2020-10-09 20:20:00,21.3122807
1051,2020-10-09 20:30:00,21.11636364
1052,2020-10-09 20:40:00,20.82727273
1053,2020-10-09 20:50:00,20.66896552
1054,2020-10-09 21:00:00,20.40169492
1055,2020-10-09 21:10:00,20.10535714
1056,2020-10-09 21:20:00,19.93666667
1057,2020-10-09 21:30:00,19.73275862
1058,2020-10-09 21:40:00,19.5122807
1059,2020-10-09 21:50:00,19.40740741
1060,2020-10-09 22:00:00,19.21052632
1061,2020-10-09 22:10:00,19.09636364
1062,2020-10-09 22:20:00,18.91785714
1063,2020-10-09 22:30:00,18.86666667
1064,2020-10-09 22:40:00,18.70357143
1065,2020-10-09 22:50:00,18.58148148
1066,2020-10-09 23:00:00,18.4877193
1067,2020-10-09 23:10:00,18.4625
1068,2020-10-09 23:20:00,18.36140351
1069,2020-10-09 23:30:00,18.30689655
1070,2020-10-09 23:40:00,18.48644068
1071,2020-10-09 23:50:00,18.87457627
1072,2020-10-10 00:00:00,19.98392857
1073,2020-10-10 00:10:00,22.13035714
1074,2020-10-10 00:20:00,24.45454545
1075,2020-10-10 00:30:00,26.20545455
1076,2020-10-10 00:40:00,27.14333333
1077,2020-10-10 00:50:00,27.76140351
1078,2020-10-10 01:00:00,28.42833333
1079,2020-10-10 01:10:00,29.08070175
1080,2020-10-10 01:20:00,30.13220339
1081,2020-10-10 01:30:00,30.80862069
1082,2020-10-10 01:40:00,30.97407407
1083,2020-10-10 01:50:00,31.05084746
1084,2020-10-10 02:00:00,33.35090909
1085,2020-10-10 02:10:00,39.48275862
1086,2020-10-10 02:20:00,45.0125
1087,2020-10-10 02:30:00,49.1
1088,2020-10-10 02:40:00,52.87241379
1089,2020-10-10 02:50:00,58.91754386
1090,2020-10-10 03:00:00,64.54
1091,2020-10-10 03:10:00,66.48644068
1092,2020-10-10 03:20:00,66.17586207
1093,2020-10-10 03:30:00,65.18333333
1094,2020-10-10 03:40:00,64.2625
1095,2020-10-10 03:50:00,63.56666667
1096,2020-10-10 04:00:00,62.58135593
1097,2020-10-10 04:10:00,61.59056604
1098,2020-10-10 04:20:00,60.61698113
1099,2020-10-10 04:30:00,59.695
1100,2020-10-10 04:40:00,58.87586207
1101,2020-10-10 04:50:00,58.01166667
1102,2020-10-10 05:00:00,57.21785714
1103,2020-10-10 05:10:00,56.3862069
1104,2020-10-10 05:20:00,55.45818182
1105,2020-10-10 05:30:00,54.59473684
1106,2020-10-10 05:40:00,53.62068966
1107,2020-10-10 05:50:00,52.53728814
1108,2020-10-10 06:00:00,51.50350877
1109,2020-10-10 06:10:00,50.45
1110,2020-10-10 06:20:00,49.3
1111,2020-10-10 06:30:00,48.27333333
1112,2020-10-10 06:40:00,47.28305085
1113,2020-10-10 06:50:00,46.24038462
1114,2020-10-10 07:00:00,45.17368421
1115,2020-10-10 07:10:00,44.23157895
1116,2020-10-10 07:20:00,43.26140351
1117,2020-10-10 07:30:00,42.29074074
1118,2020-10-10 07:40:00,41.35
1119,2020-10-10 07:50:00,40.51636364
1120,2020-10-10 08:00:00,39.71818182
1121,2020-10-10 08:10:00,38.9
1122,2020-10-10 08:20:00,38.02545455
1123,2020-10-10 08:30:00,37.36779661
1124,2020-10-10 08:40:00,36.69152542
1125,2020-10-10 08:50:00,36.04385965
1126,2020-10-10 09:00:00,35.35178571
1127,2020-10-10 09:10:00,34.75
1128,2020-10-10 09:20:00,34.10862069
1129,2020-10-10 09:30:00,33.55
1130,2020-10-10 09:40:00,32.9559322
1131,2020-10-10 09:50:00,32.49473684
1132,2020-10-10 10:00:00,31.94745763
1133,2020-10-10 10:10:00,31.51896552
1134,2020-10-10 10:20:00,31.2
1135,2020-10-10 10:30:00,30.84385965
1136,2020-10-10 10:40:00,30.45172414
1137,2020-10-10 10:50:00,30.05090909
1138,2020-10-10 11:00:00,29.63448276
1139,2020-10-10 11:10:00,29.25789474
1140,2020-10-10 11:20:00,28.90689655
1141,2020-10-10 11:30:00,28.61896552
1142,2020-10-10 11:40:00,28.385
1143,2020-10-10 11:50:00,28.11052632
1144,2020-10-10 12:00:00,27.81016949
1145,2020-10-10 12:10:00,27.54745763
1146,2020-10-10 12:20:00,27.31607143
1147,2020-10-10 12:30:00,27.03684211
1148,2020-10-10 12:40:00,26.79827586
1149,2020-10-10 12:50:00,26.54576271
1150,2020-10-10 13:00:00,26.36333333
1151,2020-10-10 13:10:00,26.08947368
1152,2020-10-10 13:20:00,25.855
1153,2020-10-10 13:30:00,25.63728814
1154,2020-10-10 13:40:00,25.37321429
1155,2020-10-10 13:50:00,25.19482759
1156,2020-10-10 14:00:00,24.89473684
1157,2020-10-10 14:10:00,24.68813559
1158,2020-10-10 14:20:00,24.50943396
1159,2020-10-10 14:30:00,24.37272727
1160,2020-10-10 14:40:00,24.16315789
1161,2020-10-10 14:50:00,23.87068966
1162,2020-10-10 15:00:00,23.62413793
1163,2020-10-10 15:10:00,23.43703704
1164,2020-10-10 15:20:00,23.26271186
1165,2020-10-10 15:30:00,23.01578947
1166,2020-10-10 15:40:00,22.85892857
1167,2020-10-10 15:50:00,22.6245614
1168,2020-10-10 16:00:00,22.42280702
1169,2020-10-10 16:10:00,22.23508772
1170,2020-10-10 16:20:00,21.97735849
1171,2020-10-10 16:30:00,21.84310345
1172,2020-10-10 16:40:00,21.63333333
1173,2020-10-10 16:50:00,21.42142857
1174,2020-10-10 17:00:00,21.22241379
1175,2020-10-10 17:10:00,21.04333333
1176,2020-10-10 17:20:00,20.80508475
1177,2020-10-10 17:30:00,20.71525424
1178,2020-10-10 17:40:00,20.46666667
1179,2020-10-10 17:50:00,20.36101695
1180,2020-10-10 18:00:00,20.17758621
1181,2020-10-10 18:10:00,19.96
1182,2020-10-10 18:20:00,19.82727273
1183,2020-10-10 18:30:00,19.68275862
1184,2020-10-10 18:40:00,19.58793103
1185,2020-10-10 18:50:00,19.45084746
1186,2020-10-10 19:00:00,19.29152542
1187,2020-10-10 19:10:00,19.14576271
1188,2020-10-10 19:20:00,19.02280702
1189,2020-10-10 19:30:00,18.87586207
1190,2020-10-10 19:40:00,18.76
1191,2020-10-10 19:50:00,18.64385965
1192,2020-10-10 20:00:00,18.50877193
1193,2020-10-10 20:10:00,18.32363636
1194,2020-10-10 20:20:00,18.17857143
1195,2020-10-10 20:30:00,18.12115385
1196,2020-10-10 20:40:00,18.00172414
1197,2020-10-10 20:50:00,17.84237288
1198,2020-10-10 21:00:00,17.78135593
1199,2020-10-10 21:10:00,17.67
1200,2020-10-10 21:20:00,17.55272727
1201,2020-10-10 21:30:00,17.42857143
1202,2020-10-10 21:40:00,17.37678571
1203,2020-10-10 21:50:00,17.27192982
1204,2020-10-10 22:00:00,17.13050847
1205,2020-10-10 22:10:00,17.07413793
1206,2020-10-10 22:20:00,16.95740741
1207,2020-10-10 22:30:00,16.85666667
1208,2020-10-10 22:40:00,16.73166667
1209,2020-10-10 22:50:00,16.62884615
1210,2020-10-10 23:00:00,16.54821429
1211,2020-10-10 23:10:00,16.49107143
1212,2020-10-10 23:20:00,16.4220339
1213,2020-10-10 23:30:00,16.35
1214,2020-10-10 23:40:00,16.81964286
1215,2020-10-10 23:50:00,20.71071429
1216,2020-10-11 00:00:00,25.35384615
1217,2020-10-11 00:10:00,27.6
1218,2020-10-11 00:20:00,29.86481481
1219,2020-10-11 00:30:00,33.49491525
1220,2020-10-11 00:40:00,37.68793103
1221,2020-10-11 00:50:00,43.66440678
1222,2020-10-11 01:00:00,54.25932203
1223,2020-10-11 01:10:00,61.99454545
1224,2020-10-11 01:20:00,64.84745763
1225,2020-10-11 01:30:00,65.63220339
1226,2020-10-11 01:40:00,65.48135593
1227,2020-10-11 01:50:00,64.76
1228,2020-10-11 02:00:00,63.9
1229,2020-10-11 02:10:00,63.00740741
1230,2020-10-11 02:20:00,61.90740741
1231,2020-10-11 02:30:00,60.89482759
1232,2020-10-11 02:40:00,59.81186441
1233,2020-10-11 02:50:00,58.60666667
1234,2020-10-11 03:00:00,57.58571429
1235,2020-10-11 03:10:00,56.60172414
1236,2020-10-11 03:20:00,55.59649123
1237,2020-10-11 03:30:00,54.66071429
1238,2020-10-11 03:40:00,54.04137931
1239,2020-10-11 03:50:00,53.54074074
1240,2020-10-11 04:00:00,52.964
1241,2020-10-11 04:10:00,52.40526316
1242,2020-10-11 04:20:00,51.93035714
1243,2020-10-11 04:30:00,52.85
1244,2020-10-11 04:40:00,55.50526316
1245,2020-10-11 04:50:00,59.37931034
1246,2020-10-11 05:00:00,64.27833333
1247,2020-10-11 05:10:00,69.75
1248,2020-10-11 05:20:00,73.19827586
1249,2020-10-11 05:30:00,75.26551724
1250,2020-10-11 05:40:00,77.38035714
1251,2020-10-11 05:50:00,78.46730769
1252,2020-10-11 06:00:00,77.62711864
1253,2020-10-11 06:10:00,76.16440678
1254,2020-10-11 06:20:00,74.78653846
1255,2020-10-11 06:30:00,73.52333333
1256,2020-10-11 06:40:00,72.12931034
1257,2020-10-11 06:50:00,70.72542373
1258,2020-10-11 07:00:00,69.31578947
1259,2020-10-11 07:10:00,67.82641509
1260,2020-10-11 07:20:00,66.42666667
1261,2020-10-11 07:30:00,65.10526316
1262,2020-10-11 07:40:00,63.70689655
1263,2020-10-11 07:50:00,62.34210526
1264,2020-10-11 08:00:00,61.04576271
1265,2020-10-11 08:10:00,59.83965517
1266,2020-10-11 08:20:00,58.55660377
1267,2020-10-11 08:30:00,57.51296296
1268,2020-10-11 08:40:00,56.31694915
1269,2020-10-11 08:50:00,55.24833333
1270,2020-10-11 09:00:00,54.09655172
1271,2020-10-11 09:10:00,52.92105263
1272,2020-10-11 09:20:00,51.90508475
1273,2020-10-11 09:30:00,50.86785714
1274,2020-10-11 09:40:00,49.90344828
1275,2020-10-11 09:50:00,49.45333333
1276,2020-10-11 10:00:00,50.28644068
1277,2020-10-11 10:10:00,50.76271186
1278,2020-10-11 10:20:00,52.54821429
1279,2020-10-11 10:30:00,58.85932203
1280,2020-10-11 10:40:00,70.46666667
1281,2020-10-11 10:50:00,81.39310345
1282,2020-10-11 11:00:00,90.1245614
1283,2020-10-11 11:10:00,98.365
1284,2020-10-11 11:20:00,105.8135593
1285,2020-10-11 11:30:00,111.0842105
1286,2020-10-11 11:40:00,112.7527273
1287,2020-10-11 11:50:00,112.1472727
1288,2020-10-11 12:00:00,110.7017544
1289,2020-10-11 12:10:00,108.9350877
1290,2020-10-11 12:20:00,107
1291,2020-10-11 12:30:00,105.1949153
1292,2020-10-11 12:40:00,103.4431034
1293,2020-10-11 12:50:00,101.7491228
1294,2020-10-11 13:00:00,100.1843137
1295,2020-10-11 13:10:00,99.172
1296,2020-10-11 13:20:00,97.76666667
1297,2020-10-11 13:30:00,95.95762712
1298,2020-10-11 13:40:00,94.20677966
1299,2020-10-11 13:50:00,92.73684211
1300,2020-10-11 14:00:00,91.51818182
1301,2020-10-11 14:10:00,90.33448276
1302,2020-10-11 14:20:00,89.15263158
1303,2020-10-11 14:30:00,88.12758621
1304,2020-10-11 14:40:00,88.04
1305,2020-10-11 14:50:00,88.81111111
1306,2020-10-11 15:00:00,88.80166667
1307,2020-10-11 15:10:00,90.05614035
1308,2020-10-11 15:20:00,96.11818182
1309,2020-10-11 15:30:00,99.27192982
1310,2020-10-11 15:40:00,100.3983051
1311,2020-10-11 15:50:00,102.5103448
1312,2020-10-11 16:00:00,105.2050847
1313,2020-10-11 16:10:00,109.1672414
1314,2020-10-11 16:20:00,115.9285714
1315,2020-10-11 16:30:00,123.3372881
1316,2020-10-11 16:40:00,127.0355932
1317,2020-10-11 16:50:00,126.854386
1318,2020-10-11 17:00:00,125.6
1319,2020-10-11 17:10:00,125.1103448
1320,2020-10-11 17:20:00,123.9418182
1321,2020-10-11 17:30:00,122.4627119
1322,2020-10-11 17:40:00,120.1122807
1323,2020-10-11 17:50:00,117.6423729
1324,2020-10-11 18:00:00,115.0280702
1325,2020-10-11 18:10:00,112.4789474
1326,2020-10-11 18:20:00,109.9660377
1327,2020-10-11 18:30:00,107.5125
1328,2020-10-11 18:40:00,105.2133333
1329,2020-10-11 18:50:00,103.0137931
1330,2020-10-11 19:00:00,100.9636364
1331,2020-10-11 19:10:00,98.93653846
1332,2020-10-11 19:20:00,97.61666667
1333,2020-10-11 19:30:00,96.43833333
1334,2020-10-11 19:40:00,94.82982456
1335,2020-10-11 19:50:00,93.23035714
1336,2020-10-11 20:00:00,91.65416667
1337,2020-10-11 20:10:00,89.75087719
1338,2020-10-11 20:20:00,87.86111111
1339,2020-10-11 20:30:00,85.95344828
1340,2020-10-11 20:40:00,84.17192982
1341,2020-10-11 20:50:00,82.27586207
1342,2020-10-11 21:00:00,80.58103448
1343,2020-10-11 21:10:00,78.90508475
1344,2020-10-11 21:20:00,77.28965517
1345,2020-10-11 21:30:00,75.66909091
1346,2020-10-11 21:40:00,74.15555556
1347,2020-10-11 21:50:00,72.60545455
1348,2020-10-11 22:00:00,71.1
1349,2020-10-11 22:10:00,69.57586207
1350,2020-10-11 22:20:00,68.06111111
1351,2020-10-11 22:30:00,66.7
1352,2020-10-11 22:40:00,65.39322034
1353,2020-10-11 22:50:00,64.23157895
1354,2020-10-11 23:00:00,62.98793103
1355,2020-10-11 23:10:00,61.77017544
1356,2020-10-11 23:20:00,60.75
1357,2020-10-11 23:30:00,59.95263158
1358,2020-10-11 23:40:00,59.50677966
1359,2020-10-11 23:50:00,59.31034483
1360,2020-10-12 00:00:00,58.86842105
1361,2020-10-12 00:10:00,61.16166667
1362,2020-10-12 00:20:00,68.27272727
1363,2020-10-12 00:30:00,75.28103448
1364,2020-10-12 00:40:00,77.89482759
1365,2020-10-12 00:50:00,78.2137931
1366,2020-10-12 01:00:00,77.40344828
1367,2020-10-12 01:10:00,75.83636364
1368,2020-10-12 01:20:00,74.02105263
1369,2020-10-12 01:30:00,72.29655172
1370,2020-10-12 01:40:00,70.51864407
1371,2020-10-12 01:50:00,68.86481481
1372,2020-10-12 02:00:00,67.38103448
1373,2020-10-12 02:10:00,65.91525424
1374,2020-10-12 02:20:00,64.39818182
1375,2020-10-12 02:30:00,63.00701754
1376,2020-10-12 02:40:00,61.66481481
1377,2020-10-12 02:50:00,60.31166667
1378,2020-10-12 03:00:00,59.06727273
1379,2020-10-12 03:10:00,57.83103448
1380,2020-10-12 03:20:00,56.53636364
1381,2020-10-12 03:30:00,55.31186441
1382,2020-10-12 03:40:00,54.18
1383,2020-10-12 03:50:00,53.01785714
1384,2020-10-12 04:00:00,51.95344828
1385,2020-10-12 04:10:00,51.07818182
1386,2020-10-12 04:20:00,50.11320755
1387,2020-10-12 04:30:00,49.05961538
1388,2020-10-12 04:40:00,48.08275862
1389,2020-10-12 04:50:00,47.10862069
1390,2020-10-12 05:00:00,46.27068966
1391,2020-10-12 05:10:00,45.38448276
1392,2020-10-12 05:20:00,44.62542373
1393,2020-10-12 05:30:00,43.89649123
1394,2020-10-12 05:40:00,43.17017544
1395,2020-10-12 05:50:00,42.6220339
1396,2020-10-12 06:00:00,42.24385965
1397,2020-10-12 06:10:00,41.88333333
1398,2020-10-12 06:20:00,41.77090909
1399,2020-10-12 06:30:00,43.06101695
1400,2020-10-12 06:40:00,46.09166667
1401,2020-10-12 06:50:00,48.28135593
1402,2020-10-12 07:00:00,49.68035714
1403,2020-10-12 07:10:00,51.86610169
1404,2020-10-12 07:20:00,52.4637931
1405,2020-10-12 07:30:00,51.95614035
1406,2020-10-12 07:40:00,51.41525424
1407,2020-10-12 07:50:00,51.03571429
1408,2020-10-12 08:00:00,50.50344828
1409,2020-10-12 08:10:00,49.68928571
1410,2020-10-12 08:20:00,48.88333333
1411,2020-10-12 08:30:00,48.08421053
1412,2020-10-12 08:40:00,47.48
1413,2020-10-12 08:50:00,46.88793103
1414,2020-10-12 09:00:00,46.25762712
1415,2020-10-12 09:10:00,45.63508772
1416,2020-10-12 09:20:00,45.02
1417,2020-10-12 09:30:00,44.30169492
1418,2020-10-12 09:40:00,43.57413793
1419,2020-10-12 09:50:00,42.89122807
1420,2020-10-12 10:00:00,42.28644068
1421,2020-10-12 10:10:00,41.64385965
1422,2020-10-12 10:20:00,41.1375
1423,2020-10-12 10:30:00,40.73220339
1424,2020-10-12 10:40:00,40.57454545
1425,2020-10-12 10:50:00,40.59245283
1426,2020-10-12 11:00:00,40.63928571
1427,2020-10-12 11:10:00,40.55272727
1428,2020-10-12 11:20:00,40.35172414
1429,2020-10-12 11:30:00,40.085
1430,2020-10-12 11:40:00,39.63333333
1431,2020-10-12 11:50:00,39.06896552
1432,2020-10-12 12:00:00,38.43389831
1433,2020-10-12 12:10:00,37.88703704
1434,2020-10-12 12:20:00,37.39795918
1435,2020-10-12 12:30:00,36.94736842
1436,2020-10-12 12:40:00,36.38793103
1437,2020-10-12 12:50:00,35.8440678
1438,2020-10-12 13:00:00,35.31403509
1439,2020-10-12 13:10:00,34.74642857
1440,2020-10-12 13:20:00,34.24915254
1441,2020-10-12 13:30:00,33.64237288
1442,2020-10-12 13:40:00,33.125
1443,2020-10-12 13:50:00,32.57735849
1444,2020-10-12 14:00:00,32.04210526
1445,2020-10-12 14:10:00,31.48793103
1446,2020-10-12 14:20:00,31.10363636
1447,2020-10-12 14:30:00,30.72711864
1448,2020-10-12 14:40:00,30.38245614
1449,2020-10-12 14:50:00,30.11833333
1450,2020-10-12 15:00:00,29.75818182
1451,2020-10-12 15:10:00,29.43518519
1452,2020-10-12 15:20:00,29.0245614
1453,2020-10-12 15:30:00,28.79482759
1454,2020-10-12 15:40:00,28.41578947
1455,2020-10-12 15:50:00,28.1637931
1456,2020-10-12 16:00:00,27.84655172
1457,2020-10-12 16:10:00,27.58813559
1458,2020-10-12 16:20:00,27.38392857
1459,2020-10-12 16:30:00,27.18703704
1460,2020-10-12 16:40:00,26.9779661
1461,2020-10-12 16:50:00,27.00350877
1462,2020-10-12 17:00:00,27.15087719
1463,2020-10-12 17:10:00,27.78596491
1464,2020-10-12 17:20:00,29.80526316
1465,2020-10-12 17:30:00,34.0245614
1466,2020-10-12 17:40:00,38.77241379
1467,2020-10-12 17:50:00,41.05666667
1468,2020-10-12 18:00:00,41.39666667
1469,2020-10-12 18:10:00,41.15087719
1470,2020-10-12 18:20:00,40.68076923
1471,2020-10-12 18:30:00,40.13928571
1472,2020-10-12 18:40:00,39.54074074
1473,2020-10-12 18:50:00,38.93898305
1474,2020-10-12 19:00:00,38.3537037
1475,2020-10-12 19:10:00,37.68135593
1476,2020-10-12 19:20:00,37.10862069
1477,2020-10-12 19:30:00,36.59649123
1478,2020-10-12 19:40:00,36.04363636
1479,2020-10-12 19:50:00,35.53035714
1480,2020-10-12 20:00:00,35.08644068
1481,2020-10-12 20:10:00,34.61864407
1482,2020-10-12 20:20:00,34.28518519
1483,2020-10-12 20:30:00,33.94166667
1484,2020-10-12 20:40:00,33.6
1485,2020-10-12 20:50:00,33.36785714
1486,2020-10-12 21:00:00,33.07636364
1487,2020-10-12 21:10:00,32.80169492
1488,2020-10-12 21:20:00,32.55740741
1489,2020-10-12 21:30:00,32.35333333
1490,2020-10-12 21:40:00,31.99491525
1491,2020-10-12 21:50:00,31.71090909
1492,2020-10-12 22:00:00,31.32678571
1493,2020-10-12 22:10:00,30.93793103
1494,2020-10-12 22:20:00,30.63035714
1495,2020-10-12 22:30:00,30.36724138
1496,2020-10-12 22:40:00,29.97894737
1497,2020-10-12 22:50:00,29.64482759
1498,2020-10-12 23:00:00,29.29322034
1499,2020-10-12 23:10:00,29.00892857
1500,2020-10-12 23:20:00,28.56101695
1501,2020-10-12 23:30:00,28.3
1502,2020-10-12 23:40:00,27.9362069
1503,2020-10-12 23:50:00,27.62881356
1504,2020-10-13 00:00:00,27.31272727
1505,2020-10-13 00:10:00,26.94482759
1506,2020-10-13 00:20:00,26.65686275
1507,2020-10-13 00:30:00,26.28135593
1508,2020-10-13 00:40:00,25.89661017
1509,2020-10-13 00:50:00,25.59482759
1510,2020-10-13 01:00:00,25.29491525
1511,2020-10-13 01:10:00,24.89272727
1512,2020-10-13 01:20:00,24.57719298
1513,2020-10-13 01:30:00,24.32586207
1514,2020-10-13 01:40:00,24.04363636
1515,2020-10-13 01:50:00,23.71090909
1516,2020-10-13 02:00:00,23.41016949
1517,2020-10-13 02:10:00,23.14561404
1518,2020-10-13 02:20:00,22.83148148
1519,2020-10-13 02:30:00,22.57586207
1520,2020-10-13 02:40:00,22.34137931
1521,2020-10-13 02:50:00,22.06666667
1522,2020-10-13 03:00:00,21.84509804
1523,2020-10-13 03:10:00,21.61929825
1524,2020-10-13 03:20:00,21.41454545
1525,2020-10-13 03:30:00,21.27454545
1526,2020-10-13 03:40:00,21.07857143
1527,2020-10-13 03:50:00,20.93275862
1528,2020-10-13 04:00:00,20.75344828
1529,2020-10-13 04:10:00,20.62931034
1530,2020-10-13 04:20:00,20.50545455
1531,2020-10-13 04:30:00,20.35789474
1532,2020-10-13 04:40:00,20.23392857
1533,2020-10-13 04:50:00,20.12142857
1534,2020-10-13 05:00:00,19.94655172
1535,2020-10-13 05:10:00,19.73859649
1536,2020-10-13 05:20:00,19.60847458
1537,2020-10-13 05:30:00,19.50175439
1538,2020-10-13 05:40:00,19.37241379
1539,2020-10-13 05:50:00,19.1779661
1540,2020-10-13 06:00:00,19.01403509
1541,2020-10-13 06:10:00,18.88431373
1542,2020-10-13 06:20:00,18.73508772
1543,2020-10-13 06:30:00,18.60714286
1544,2020-10-13 06:40:00,18.50714286
1545,2020-10-13 06:50:00,18.43518519
1546,2020-10-13 07:00:00,18.35178571
1547,2020-10-13 07:10:00,18.24576271
1548,2020-10-13 07:20:00,18.16896552
1549,2020-10-13 07:30:00,18.03793103
1550,2020-10-13 07:40:00,17.95636364
1551,2020-10-13 07:50:00,17.78363636
1552,2020-10-13 08:00:00,17.68363636
1553,2020-10-13 08:10:00,17.58679245
1554,2020-10-13 08:20:00,17.36078431
1555,2020-10-13 08:30:00,17.47627119
1556,2020-10-13 08:40:00,17.10357143
1557,2020-10-13 08:50:00,17.29322034
1558,2020-10-13 09:00:00,17.08793103
1559,2020-10-13 09:10:00,17.24166667
1560,2020-10-13 09:20:00,16.59122807
1561,2020-10-13 09:30:00,16.51525424
1562,2020-10-13 09:40:00,16.80338983
1563,2020-10-13 09:50:00,16.32142857
1564,2020-10-13 10:00:00,16.27358491
1565,2020-10-13 10:10:00,15.43333333
1566,2020-10-13 10:20:00,15.8037037
1567,2020-10-13 10:30:00,15.44666667
1568,2020-10-13 10:40:00,15.08666667
1569,2020-10-13 10:50:00,14.8
1570,2020-10-13 11:00:00,12.72833333
1571,2020-10-13 11:10:00,9.063333333
1572,2020-10-13 11:20:00,7.874576271
1573,2020-10-13 11:30:00,5.581132075
1574,2020-10-13 11:40:00,5.048214286
1575,2020-10-13 11:50:00,4.276470588
1576,2020-10-13 12:00:00,3.072972973
1577,2020-10-13 12:10:00,1.64516129
1578,2020-10-13 12:20:00,1.8125
1579,2020-10-13 12:30:00,2.148148148
1580,2020-10-13 12:40:00,1.3
1581,2020-10-13 12:50:00,1.366666667
1582,2020-10-13 13:00:00,0
1583,2020-10-13 13:10:00,2.157142857
1584,2020-10-13 13:20:00,0
1585,2020-10-13 13:30:00,0
1586,2020-10-13 13:40:00,1.642857143
1587,2020-10-13 13:50:00,1.258333333
1588,2020-10-13 14:00:00,2.088888889
1589,2020-10-13 14:10:00,1.65
1590,2020-10-13 14:20:00,2.4
1591,2020-10-13 14:30:00,1.871428571
1592,2020-10-13 14:40:00,2.215
1593,2020-10-13 14:50:00,2.214285714
1594,2020-10-13 15:00:00,2.548
1595,2020-10-13 15:10:00,3.487234043
1596,2020-10-13 15:20:00,5.80877193
1597,2020-10-13 15:30:00,5.948275862
1598,2020-10-13 15:40:00,7.181666667
1599,2020-10-13 15:50:00,6.269090909
1600,2020-10-13 16:00:00,5.729310345
1601,2020-10-13 16:10:00,6.408474576
1602,2020-10-13 16:20:00,9.771929825
1603,2020-10-13 16:30:00,10.835
1604,2020-10-13 16:40:00,10.59322034
1605,2020-10-13 16:50:00,8.295
1606,2020-10-13 17:00:00,10.12033898
1607,2020-10-13 17:10:00,9.781355932
1608,2020-10-13 17:20:00,11.345
1609,2020-10-13 17:30:00,12.06666667
1610,2020-10-13 17:40:00,15.39655172
1611,2020-10-13 17:50:00,16.67627119
1612,2020-10-13 18:00:00,18.16101695
1613,2020-10-13 18:10:00,19.21206897
1614,2020-10-13 18:20:00,19.93333333
1615,2020-10-13 18:30:00,20.2137931
1616,2020-10-13 18:40:00,20.38448276
1617,2020-10-13 18:50:00,20.65614035
1618,2020-10-13 19:00:00,21.27758621
1619,2020-10-13 19:10:00,23.13103448
1620,2020-10-13 19:20:00,25.95254237
1621,2020-10-13 19:30:00,27.57068966
1622,2020-10-13 19:40:00,28.1137931
1623,2020-10-13 19:50:00,28.07666667
1624,2020-10-13 20:00:00,27.87758621
1625,2020-10-13 20:10:00,27.60877193
1626,2020-10-13 20:20:00,27.30350877
1627,2020-10-13 20:30:00,26.99666667
1628,2020-10-13 20:40:00,26.63571429
1629,2020-10-13 20:50:00,26.3875
1630,2020-10-13 21:00:00,26.07090909
1631,2020-10-13 21:10:00,25.76964286
1632,2020-10-13 21:20:00,25.41864407
1633,2020-10-13 21:30:00,25.12592593
1634,2020-10-13 21:40:00,24.83220339
1635,2020-10-13 21:50:00,24.52711864
1636,2020-10-13 22:00:00,24.25862069
1637,2020-10-13 22:10:00,23.925
1638,2020-10-13 22:20:00,23.65689655
1639,2020-10-13 22:30:00,23.34237288
1640,2020-10-13 22:40:00,23.11052632
1641,2020-10-13 22:50:00,22.81034483
1642,2020-10-13 23:00:00,22.55423729
1643,2020-10-13 23:10:00,22.27241379
1644,2020-10-13 23:20:00,22.06271186
1645,2020-10-13 23:30:00,21.71034483
1646,2020-10-13 23:40:00,21.49642857
1647,2020-10-13 23:50:00,21.25789474
1648,2020-10-14 00:00:00,20.97222222
1649,2020-10-14 00:10:00,20.78545455
1650,2020-10-14 00:20:00,20.53965517
1651,2020-10-14 00:30:00,20.2875
1652,2020-10-14 00:40:00,20.11896552
1653,2020-10-14 00:50:00,19.84464286
1654,2020-10-14 01:00:00,19.75614035
1655,2020-10-14 01:10:00,19.55818182
1656,2020-10-14 01:20:00,19.44909091
1657,2020-10-14 01:30:00,19.26545455
1658,2020-10-14 01:40:00,19.07758621
1659,2020-10-14 01:50:00,18.92105263
1660,2020-10-14 02:00:00,18.75964912
1661,2020-10-14 02:10:00,18.69310345
1662,2020-10-14 02:20:00,18.57068966
1663,2020-10-14 02:30:00,18.50980392
1664,2020-10-14 02:40:00,18.41964286
1665,2020-10-14 02:50:00,18.32033898
1666,2020-10-14 03:00:00,18.23636364
1667,2020-10-14 03:10:00,18.17068966
1668,2020-10-14 03:20:00,18.10175439
1669,2020-10-14 03:30:00,18.06206897
1670,2020-10-14 03:40:00,17.925
1671,2020-10-14 03:50:00,17.81864407
1672,2020-10-14 04:00:00,17.76724138
1673,2020-10-14 04:10:00,17.63728814
1674,2020-10-14 04:20:00,17.62033898
1675,2020-10-14 04:30:00,17.55384615
1676,2020-10-14 04:40:00,17.56101695
1677,2020-10-14 04:50:00,17.50333333
1678,2020-10-14 05:00:00,17.49454545
1679,2020-10-14 05:10:00,17.46
1680,2020-10-14 05:20:00,17.40943396
1681,2020-10-14 05:30:00,17.34827586
1682,2020-10-14 05:40:00,17.25614035
1683,2020-10-14 05:50:00,17.22241379
1684,2020-10-14 06:00:00,17.11034483
1685,2020-10-14 06:10:00,17.0637931
1686,2020-10-14 06:20:00,16.98596491
1687,2020-10-14 06:30:00,16.94912281
1688,2020-10-14 06:40:00,16.88644068
1689,2020-10-14 06:50:00,16.82931034
1690,2020-10-14 07:00:00,16.78166667
1691,2020-10-14 07:10:00,16.77666667
1692,2020-10-14 07:20:00,17.15535714
1693,2020-10-14 07:30:00,18.00169492
1694,2020-10-14 07:40:00,18.68727273
1695,2020-10-14 07:50:00,18.99661017
1696,2020-10-14 08:00:00,19
1697,2020-10-14 08:10:00,18.9862069
1698,2020-10-14 08:20:00,18.83050847
1699,2020-10-14 08:30:00,18.75357143
1700,2020-10-14 08:40:00,18.65087719
1701,2020-10-14 08:50:00,18.49661017
1702,2020-10-14 09:00:00,18.36551724
1703,2020-10-14 09:10:00,18.235
1704,2020-10-14 09:20:00,18.12982456
1705,2020-10-14 09:30:00,17.98666667
1706,2020-10-14 09:40:00,17.8
1707,2020-10-14 09:50:00,17.73928571
1708,2020-10-14 10:00:00,17.59152542
1709,2020-10-14 10:10:00,17.49298246
1710,2020-10-14 10:20:00,17.41785714
1711,2020-10-14 10:30:00,17.26603774
1712,2020-10-14 10:40:00,17.1137931
1713,2020-10-14 10:50:00,17.02321429
1714,2020-10-14 11:00:00,16.91
1715,2020-10-14 11:10:00,16.77090909
1716,2020-10-14 11:20:00,16.68148148
1717,2020-10-14 11:30:00,16.58545455
1718,2020-10-14 11:40:00,16.4625
1719,2020-10-14 11:50:00,15.55932203
1720,2020-10-14 12:00:00,15.045
1721,2020-10-14 12:10:00,14.05932203
1722,2020-10-14 12:20:00,12.83166667
1723,2020-10-14 12:30:00,10.23684211
1724,2020-10-14 12:40:00,9.65
1725,2020-10-14 12:50:00,6.640740741
1726,2020-10-14 13:00:00,5.782352941
1727,2020-10-14 13:10:00,4.962745098
1728,2020-10-14 13:20:00,5.254
1729,2020-10-14 13:30:00,4.166666667
1730,2020-10-14 13:40:00,5.31
1731,2020-10-14 13:50:00,5.540384615
1732,2020-10-14 14:00:00,4.778181818
1733,2020-10-14 14:10:00,4.081818182
1734,2020-10-14 14:20:00,3.253333333
1735,2020-10-14 14:30:00,3.737777778
1736,2020-10-14 14:40:00,3.110638298
1737,2020-10-14 14:50:00,3.28
1738,2020-10-14 15:00:00,3.485714286
1739,2020-10-14 15:10:00,4.623214286
1740,2020-10-14 15:20:00,3.998
1741,2020-10-14 15:30:00,4.371153846
1742,2020-10-14 15:40:00,5.233333333
1743,2020-10-14 15:50:00,5.243859649
1744,2020-10-14 16:00:00,5.829310345
1745,2020-10-14 16:10:00,9.343333333
1746,2020-10-14 16:20:00,11.89333333
1747,2020-10-14 16:30:00,12.26491228
1748,2020-10-14 16:40:00,13.45762712
1749,2020-10-14 16:50:00,14.02105263
1750,2020-10-14 17:00:00,14.06166667
1751,2020-10-14 17:10:00,15.01864407
1752,2020-10-14 17:20:00,18.07368421
1753,2020-10-14 17:30:00,23.85932203
1754,2020-10-14 17:40:00,29.70344828
1755,2020-10-14 17:50:00,35.30517241
1756,2020-10-14 18:00:00,42.30517241
1757,2020-10-14 18:10:00,49.36315789
1758,2020-10-14 18:20:00,54.45660377
1759,2020-10-14 18:30:00,58.06071429
1760,2020-10-14 18:40:00,62.22241379
1761,2020-10-14 18:50:00,66.27288136
1762,2020-10-14 19:00:00,69.19310345
1763,2020-10-14 19:10:00,71.31034483
1764,2020-10-14 19:20:00,76.85762712
1765,2020-10-14 19:30:00,82.97666667
1766,2020-10-14 19:40:00,89.7220339
1767,2020-10-14 19:50:00,93.84736842
1768,2020-10-14 20:00:00,95.90175439
1769,2020-10-14 20:10:00,97.98448276
1770,2020-10-14 20:20:00,99.37457627
1771,2020-10-14 20:30:00,100.7303571
1772,2020-10-14 20:40:00,99.56
1773,2020-10-14 20:50:00,97.57368421
1774,2020-10-14 21:00:00,95.47118644
1775,2020-10-14 21:10:00,93.40169492
1776,2020-10-14 21:20:00,91.43793103
1777,2020-10-14 21:30:00,89.49482759
1778,2020-10-14 21:40:00,87.65689655
1779,2020-10-14 21:50:00,85.87118644
1780,2020-10-14 22:00:00,84.05
1781,2020-10-14 22:10:00,82.46551724
1782,2020-10-14 22:20:00,80.91428571
1783,2020-10-14 22:30:00,79.33793103
1784,2020-10-14 22:40:00,77.78571429
1785,2020-10-14 22:50:00,76.16896552
1786,2020-10-14 23:00:00,74.59814815
1787,2020-10-14 23:10:00,73.03559322
1788,2020-10-14 23:20:00,71.6490566
1789,2020-10-14 23:30:00,70.20175439
1790,2020-10-14 23:40:00,68.76166667
1791,2020-10-14 23:50:00,67.30727273
1792,2020-10-15 00:00:00,65.84736842
1793,2020-10-15 00:10:00,64.49818182
1794,2020-10-15 00:20:00,63.19482759
1795,2020-10-15 00:30:00,61.97454545
1796,2020-10-15 00:40:00,60.73518519
1797,2020-10-15 00:50:00,59.52307692
1798,2020-10-15 01:00:00,58.37118644
1799,2020-10-15 01:10:00,57.22241379
1800,2020-10-15 01:20:00,56.05172414
1801,2020-10-15 01:30:00,54.99122807
1802,2020-10-15 01:40:00,53.96206897
1803,2020-10-15 01:50:00,52.9137931
1804,2020-10-15 02:00:00,51.91034483
1805,2020-10-15 02:10:00,50.97068966
1806,2020-10-15 02:20:00,50.05254237
1807,2020-10-15 02:30:00,49.14035088
1808,2020-10-15 02:40:00,48.14
1809,2020-10-15 02:50:00,47.25172414
1810,2020-10-15 03:00:00,46.35535714
1811,2020-10-15 03:10:00,45.45178571
1812,2020-10-15 03:20:00,44.56166667
1813,2020-10-15 03:30:00,43.77241379
1814,2020-10-15 03:40:00,43.05833333
1815,2020-10-15 03:50:00,42.395
1816,2020-10-15 04:00:00,41.81864407
1817,2020-10-15 04:10:00,41.28392857
1818,2020-10-15 04:20:00,40.78928571
1819,2020-10-15 04:30:00,40.32631579
1820,2020-10-15 04:40:00,39.95636364
1821,2020-10-15 04:50:00,39.52181818
1822,2020-10-15 05:00:00,39.10877193
1823,2020-10-15 05:10:00,38.41929825
1824,2020-10-15 05:20:00,37.81551724
1825,2020-10-15 05:30:00,37.34444444
1826,2020-10-15 05:40:00,36.78135593
1827,2020-10-15 05:50:00,36.26037736
1828,2020-10-15 06:00:00,35.62586207
1829,2020-10-15 06:10:00,35.03050847
1830,2020-10-15 06:20:00,34.4122807
1831,2020-10-15 06:30:00,33.80377358
1832,2020-10-15 06:40:00,33.24655172
1833,2020-10-15 06:50:00,32.63137255
1834,2020-10-15 07:00:00,32.03220339
1835,2020-10-15 07:10:00,31.41071429
1836,2020-10-15 07:20:00,30.81333333
1837,2020-10-15 07:30:00,30.19821429
1838,2020-10-15 07:40:00,29.65686275
1839,2020-10-15 07:50:00,29.19310345
1840,2020-10-15 08:00:00,28.69824561
1841,2020-10-15 08:10:00,28.22142857
1842,2020-10-15 08:20:00,27.79464286
1843,2020-10-15 08:30:00,27.31428571
1844,2020-10-15 08:40:00,26.94915254
1845,2020-10-15 08:50:00,26.56140351
1846,2020-10-15 09:00:00,26.24
1847,2020-10-15 09:10:00,26.01551724
1848,2020-10-15 09:20:00,25.74137931
1849,2020-10-15 09:30:00,25.795
1850,2020-10-15 09:40:00,27.71186441
1851,2020-10-15 09:50:00,32.16363636
1852,2020-10-15 10:00:00,35.92222222
1853,2020-10-15 10:10:00,37.21929825
1854,2020-10-15 10:20:00,37.328
1855,2020-10-15 10:30:00,36.10465116
1856,2020-10-15 10:40:00,33.74375
1857,2020-10-15 10:50:00,31.90810811
1858,2020-10-15 11:00:00,35.62241379
1859,2020-10-15 11:10:00,31.69512195
1860,2020-10-15 11:20:00,34.66896552
1861,2020-10-15 11:30:00,34.175
1862,2020-10-15 11:40:00,29.385
1863,2020-10-15 11:50:00,31.11428571
1864,2020-10-15 12:00:00,30.37454545
1865,2020-10-15 12:10:00,32.32037037
1866,2020-10-15 12:20:00,32.18965517
1867,2020-10-15 12:30:00,31.99642857
1868,2020-10-15 12:40:00,31.69310345
1869,2020-10-15 12:50:00,31.40677966
1870,2020-10-15 13:00:00,30.96491228
1871,2020-10-15 13:10:00,30.39649123
1872,2020-10-15 13:20:00,29.90701754
1873,2020-10-15 13:30:00,29.37413793
1874,2020-10-15 13:40:00,28.85932203
1875,2020-10-15 13:50:00,25.57179487
1876,2020-10-15 14:00:00,28.02931034
1877,2020-10-15 14:10:00,27.57192982
1878,2020-10-15 14:20:00,27.13
1879,2020-10-15 14:30:00,26.78
1880,2020-10-15 14:40:00,26.38070175
1881,2020-10-15 14:50:00,26.05344828
1882,2020-10-15 15:00:00,25.77966102
1883,2020-10-15 15:10:00,25.49649123
1884,2020-10-15 15:20:00,25.24363636
1885,2020-10-15 15:30:00,24.995
1886,2020-10-15 15:40:00,24.75344828
1887,2020-10-15 15:50:00,24.54736842
1888,2020-10-15 16:00:00,24.35084746
1889,2020-10-15 16:10:00,24.46909091
1890,2020-10-15 16:20:00,26.04035088
1891,2020-10-15 16:30:00,29.48
1892,2020-10-15 16:40:00,33.55
1893,2020-10-15 16:50:00,36.92586207
1894,2020-10-15 17:00:00,38.7137931
1895,2020-10-15 17:10:00,39.33636364
1896,2020-10-15 17:20:00,38.92678571
1897,2020-10-15 17:30:00,38.36842105
1898,2020-10-15 17:40:00,37.60727273
1899,2020-10-15 17:50:00,36.68214286
1900,2020-10-15 18:00:00,35.87321429
1901,2020-10-15 18:10:00,35
1902,2020-10-15 18:20:00,34.16666667
1903,2020-10-15 18:30:00,33.40545455
1904,2020-10-15 18:40:00,32.6559322
1905,2020-10-15 18:50:00,31.96333333
1906,2020-10-15 19:00:00,31.24
1907,2020-10-15 19:10:00,30.67090909
1908,2020-10-15 19:20:00,30.07966102
1909,2020-10-15 19:30:00,29.53392857
1910,2020-10-15 19:40:00,28.91864407
1911,2020-10-15 19:50:00,28.33559322
1912,2020-10-15 20:00:00,27.81607143
1913,2020-10-15 20:10:00,27.32758621
1914,2020-10-15 20:20:00,26.87142857
1915,2020-10-15 20:30:00,26.38
1916,2020-10-15 20:40:00,26.00666667
1917,2020-10-15 20:50:00,25.5877193
1918,2020-10-15 21:00:00,25.2877193
1919,2020-10-15 21:10:00,24.99322034
1920,2020-10-15 21:20:00,24.7037037
1921,2020-10-15 21:30:00,24.43571429
1922,2020-10-15 21:40:00,24.72142857
1923,2020-10-15 21:50:00,26.82777778
1924,2020-10-15 22:00:00,29.87241379
1925,2020-10-15 22:10:00,33.21896552
1926,2020-10-15 22:20:00,37.29107143
1927,2020-10-15 22:30:00,40.23518519
1928,2020-10-15 22:40:00,42.86071429
1929,2020-10-15 22:50:00,44.94561404
1930,2020-10-15 23:00:00,45.1
1931,2020-10-15 23:10:00,44.51694915
1932,2020-10-15 23:20:00,43.72678571
1933,2020-10-15 23:30:00,42.924
1934,2020-10-15 23:40:00,42.11578947
1935,2020-10-15 23:50:00,41.34827586
1936,2020-10-16 00:00:00,40.67586207
1937,2020-10-16 00:10:00,39.93793103
1938,2020-10-16 00:20:00,39.34074074
1939,2020-10-16 00:30:00,38.62592593
1940,2020-10-16 00:40:00,38.03888889
1941,2020-10-16 00:50:00,37.42142857
1942,2020-10-16 01:00:00,36.98813559
1943,2020-10-16 01:10:00,36.51607143
1944,2020-10-16 01:20:00,36.01071429
1945,2020-10-16 01:30:00,35.52777778
1946,2020-10-16 01:40:00,34.99821429
1947,2020-10-16 01:50:00,34.43035714
1948,2020-10-16 02:00:00,33.84210526
1949,2020-10-16 02:10:00,33.32413793
1950,2020-10-16 02:20:00,32.74745763
1951,2020-10-16 02:30:00,32.19814815
1952,2020-10-16 02:40:00,31.6862069
1953,2020-10-16 02:50:00,31.23666667
1954,2020-10-16 03:00:00,30.76785714
1955,2020-10-16 03:10:00,30.36037736
1956,2020-10-16 03:20:00,29.96551724
1957,2020-10-16 03:30:00,29.58135593
1958,2020-10-16 03:40:00,29.32666667
1959,2020-10-16 03:50:00,29.04482759
1960,2020-10-16 04:00:00,28.84464286
1961,2020-10-16 04:10:00,28.62142857
1962,2020-10-16 04:20:00,28.73773585
1963,2020-10-16 04:30:00,29.0462963
1964,2020-10-16 04:40:00,29.15438596
1965,2020-10-16 04:50:00,28.93898305
1966,2020-10-16 05:00:00,28.6
1967,2020-10-16 05:10:00,28.19333333
1968,2020-10-16 05:20:00,27.72982456
1969,2020-10-16 05:30:00,27.30350877
1970,2020-10-16 05:40:00,26.86491228
1971,2020-10-16 05:50:00,26.41607143
1972,2020-10-16 06:00:00,26.03793103
1973,2020-10-16 06:10:00,25.57413793
1974,2020-10-16 06:20:00,25.2
1975,2020-10-16 06:30:00,24.72363636
1976,2020-10-16 06:40:00,24.36491228
1977,2020-10-16 06:50:00,23.93898305
1978,2020-10-16 07:00:00,23.49482759
1979,2020-10-16 07:10:00,23.12807018
1980,2020-10-16 07:20:00,22.75254237
1981,2020-10-16 07:30:00,22.37457627
1982,2020-10-16 07:40:00,21.99655172
1983,2020-10-16 07:50:00,21.66
1984,2020-10-16 08:00:00,21.31346154
1985,2020-10-16 08:10:00,21.03684211
1986,2020-10-16 08:20:00,20.75
1987,2020-10-16 08:30:00,20.44444444
1988,2020-10-16 08:40:00,20.275
1989,2020-10-16 08:50:00,20.03018868
1990,2020-10-16 09:00:00,19.84642857
1991,2020-10-16 09:10:00,19.69622642
1992,2020-10-16 09:20:00,19.555
1993,2020-10-16 09:30:00,19.4875
1994,2020-10-16 09:40:00,19.42241379
1995,2020-10-16 09:50:00,19.65344828
1996,2020-10-16 10:00:00,20.86440678
1997,2020-10-16 10:10:00,24.93859649
1998,2020-10-16 10:20:00,32.02586207
1999,2020-10-16 10:30:00,39.81754386
2000,2020-10-16 10:40:00,46.70862069
2001,2020-10-16 10:50:00,52.42592593
2002,2020-10-16 11:00:00,55.32542373
2003,2020-10-16 11:10:00,55.32
2004,2020-10-16 11:20:00,53.84444444
2005,2020-10-16 11:30:00,53.09821429
2006,2020-10-16 11:40:00,51.92413793
2007,2020-10-16 11:50:00,50.7559322
2008,2020-10-16 12:00:00,49.55818182
2009,2020-10-16 12:10:00,48.44310345
2010,2020-10-16 12:20:00,47.38070175
2011,2020-10-16 12:30:00,46.41864407
2012,2020-10-16 12:40:00,45.45185185
2013,2020-10-16 12:50:00,44.49821429
2014,2020-10-16 13:00:00,43.59322034
2015,2020-10-16 13:10:00,42.74067797
2016,2020-10-16 13:20:00,41.93396226
2017,2020-10-16 13:30:00,41.15344828
2018,2020-10-16 13:40:00,40.42241379
2019,2020-10-16 13:50:00,39.7245283
2020,2020-10-16 14:00:00,39.07068966
2021,2020-10-16 14:10:00,37.74423077
2022,2020-10-16 14:20:00,30.68536585
2023,2020-10-16 14:30:00,34.82142857
2024,2020-10-16 14:40:00,34.70363636
2025,2020-10-16 14:50:00,34.5440678
2026,2020-10-16 15:00:00,34.18928571
2027,2020-10-16 15:10:00,33.80363636
2028,2020-10-16 15:20:00,32.79583333
2029,2020-10-16 15:30:00,18.71333333
2030,2020-10-16 15:40:00,25.42321429
2031,2020-10-16 16:00:00,27.35689655
2032,2020-10-16 16:10:00,28.28793103
2033,2020-10-16 16:20:00,29.26833333
2034,2020-10-16 16:30:00,29.80677966
2035,2020-10-16 16:40:00,29.94363636
2036,2020-10-16 16:50:00,29.77931034
2037,2020-10-16 17:00:00,29.38070175
2038,2020-10-16 17:10:00,28.86603774
2039,2020-10-16 17:20:00,28.48333333
2040,2020-10-16 17:30:00,28.12542373
2041,2020-10-16 17:40:00,27.77413793
2042,2020-10-16 17:50:00,27.55614035
2043,2020-10-16 18:00:00,27.29137931
2044,2020-10-16 18:10:00,27.0862069
2045,2020-10-16 18:20:00,26.74576271
2046,2020-10-16 18:30:00,26.45689655
2047,2020-10-16 18:40:00,26.175
2048,2020-10-16 18:50:00,25.83103448
2049,2020-10-16 19:00:00,25.49830508
2050,2020-10-16 19:10:00,25.01785714
2051,2020-10-16 19:20:00,24.56037736
2052,2020-10-16 19:30:00,24.14655172
2053,2020-10-16 19:40:00,23.63818182
2054,2020-10-16 19:50:00,23.25357143
2055,2020-10-16 20:00:00,22.79464286
2056,2020-10-16 20:10:00,22.41636364
2057,2020-10-16 20:20:00,22.15172414
2058,2020-10-16 20:30:00,21.91206897
2059,2020-10-16 20:40:00,21.70847458
2060,2020-10-16 20:50:00,21.47894737
2061,2020-10-16 21:00:00,21.32
2062,2020-10-16 21:10:00,21.11052632
2063,2020-10-16 21:20:00,20.975
2064,2020-10-16 21:30:00,20.84038462
2065,2020-10-16 21:40:00,20.74166667
2066,2020-10-16 21:50:00,21.15254237
2067,2020-10-16 22:00:00,23.21333333
2068,2020-10-16 22:10:00,27.98181818
2069,2020-10-16 22:20:00,34.27777778
2070,2020-10-16 22:30:00,40.98888889
2071,2020-10-16 22:40:00,47.36779661
2072,2020-10-16 22:50:00,51.73
2073,2020-10-16 23:00:00,54.24827586
2074,2020-10-16 23:10:00,56.08644068
2075,2020-10-16 23:20:00,56.386
2076,2020-10-16 23:30:00,56.52692308
2077,2020-10-16 23:40:00,56.42372881
2078,2020-10-16 23:50:00,55.61851852
2079,2020-10-17 00:00:00,54.56610169
2080,2020-10-17 00:10:00,53.51694915
2081,2020-10-17 00:20:00,52.41403509
2082,2020-10-17 00:30:00,51.28421053
2083,2020-10-17 00:40:00,50.22678571
2084,2020-10-17 00:50:00,49.1440678
2085,2020-10-17 01:00:00,48.06842105
2086,2020-10-17 01:10:00,47.09661017
2087,2020-10-17 01:20:00,46.25925926
2088,2020-10-17 01:30:00,45.46206897
2089,2020-10-17 01:40:00,44.77037037
2090,2020-10-17 01:50:00,44.04150943
2091,2020-10-17 02:00:00,43.34745763
2092,2020-10-17 02:10:00,42.59661017
2093,2020-10-17 02:20:00,41.92833333
2094,2020-10-17 02:30:00,41.29298246
2095,2020-10-17 02:40:00,40.60877193
2096,2020-10-17 02:50:00,39.98983051
2097,2020-10-17 03:00:00,39.48448276
2098,2020-10-17 03:10:00,38.91864407
2099,2020-10-17 03:20:00,38.41403509
2100,2020-10-17 03:30:00,37.76140351
2101,2020-10-17 03:40:00,37.22545455
2102,2020-10-17 03:50:00,36.702
2103,2020-10-17 04:00:00,36.2137931
2104,2020-10-17 04:10:00,35.85689655
2105,2020-10-17 04:20:00,35.56842105
2106,2020-10-17 04:30:00,35.15172414
2107,2020-10-17 04:40:00,34.62711864
2108,2020-10-17 04:50:00,34.08888889
2109,2020-10-17 05:00:00,33.56785714
2110,2020-10-17 05:10:00,33.08644068
2111,2020-10-17 05:20:00,32.53396226
2112,2020-10-17 05:30:00,31.95423729
2113,2020-10-17 05:40:00,31.29833333
2114,2020-10-17 05:50:00,30.66181818
2115,2020-10-17 06:00:00,30.07894737
2116,2020-10-17 06:10:00,29.41166667
2117,2020-10-17 06:20:00,28.71355932
2118,2020-10-17 06:30:00,28.06333333
2119,2020-10-17 06:40:00,27.70892857
2120,2020-10-17 06:50:00,27.33333333
2121,2020-10-17 07:00:00,26.94137931
2122,2020-10-17 07:10:00,26.61578947
2123,2020-10-17 07:20:00,26.38461538
2124,2020-10-17 07:30:00,26.01333333
2125,2020-10-17 07:40:00,25.63728814
2126,2020-10-17 07:50:00,25.25471698
2127,2020-10-17 08:00:00,24.9
2128,2020-10-17 08:10:00,24.54727273
2129,2020-10-17 08:20:00,24.23035714
2130,2020-10-17 08:30:00,23.87288136
2131,2020-10-17 08:40:00,23.55344828
2132,2020-10-17 08:50:00,23.19636364
2133,2020-10-17 09:00:00,22.80175439
2134,2020-10-17 09:10:00,22.38947368
2135,2020-10-17 09:20:00,22.02037037
2136,2020-10-17 09:30:00,21.62413793
2137,2020-10-17 09:40:00,21.32372881
2138,2020-10-17 09:50:00,21.08275862
2139,2020-10-17 10:00:00,20.98474576
2140,2020-10-17 10:10:00,20.96315789
2141,2020-10-17 10:20:00,21.66607143
2142,2020-10-17 10:30:00,23.3862069
2143,2020-10-17 10:40:00,25.42372881
2144,2020-10-17 10:50:00,30.42068966
2145,2020-10-17 11:00:00,36.00727273
2146,2020-10-17 11:10:00,38.56206897
2147,2020-10-17 11:20:00,38.62745098
2148,2020-10-17 11:30:00,38.06315789
2149,2020-10-17 11:40:00,37.32758621
2150,2020-10-17 11:50:00,36.58947368
2151,2020-10-17 12:00:00,35.79454545
2152,2020-10-17 12:10:00,35.13090909
2153,2020-10-17 12:20:00,34.48793103
2154,2020-10-17 12:30:00,33.96949153
2155,2020-10-17 12:40:00,33.51206897
2156,2020-10-17 12:50:00,33.14561404
2157,2020-10-17 13:00:00,32.78275862
2158,2020-10-17 13:10:00,32.47719298
2159,2020-10-17 13:20:00,32.16296296
2160,2020-10-17 13:30:00,31.79285714
2161,2020-10-17 13:40:00,31.44509804
2162,2020-10-17 13:50:00,31.10727273
2163,2020-10-17 14:00:00,30.75306122
2164,2020-10-17 14:10:00,30.46315789
2165,2020-10-17 14:20:00,30.21730769
2166,2020-10-17 14:30:00,29.87
2167,2020-10-17 14:40:00,29.50181818
2168,2020-10-17 14:50:00,29.15614035
2169,2020-10-17 15:00:00,28.84310345
2170,2020-10-17 15:10:00,28.54909091
2171,2020-10-17 15:20:00,28.18333333
2172,2020-10-17 15:30:00,27.80169492
2173,2020-10-17 15:40:00,27.49152542
2174,2020-10-17 15:50:00,27.22931034
2175,2020-10-17 16:00:00,26.97321429
2176,2020-10-17 16:10:00,26.64482759
2177,2020-10-17 16:20:00,26.22830189
2178,2020-10-17 16:30:00,25.79811321
2179,2020-10-17 16:40:00,25.31355932
2180,2020-10-17 16:50:00,24.87058824
2181,2020-10-17 17:00:00,24.455
2182,2020-10-17 17:10:00,24.04210526
2183,2020-10-17 17:20:00,23.63888889
2184,2020-10-17 17:30:00,23.205
2185,2020-10-17 17:40:00,22.78813559
2186,2020-10-17 17:50:00,22.35
2187,2020-10-17 18:00:00,21.92931034
2188,2020-10-17 18:10:00,21.5375
2189,2020-10-17 18:20:00,21.17678571
2190,2020-10-17 18:30:00,20.78103448
2191,2020-10-17 18:40:00,20.39830508
2192,2020-10-17 18:50:00,20.00357143
2193,2020-10-17 19:00:00,19.73571429
2194,2020-10-17 19:10:00,19.38421053
2195,2020-10-17 19:20:00,19.18888889
2196,2020-10-17 19:30:00,18.91698113
2197,2020-10-17 19:40:00,18.67407407
2198,2020-10-17 19:50:00,18.50877193
2199,2020-10-17 20:00:00,18.43793103
2200,2020-10-17 20:10:00,18.37368421
2201,2020-10-17 20:20:00,18.35090909
2202,2020-10-17 20:30:00,18.36140351
2203,2020-10-17 20:40:00,18.32884615
2204,2020-10-17 20:50:00,18.37115385
2205,2020-10-17 21:00:00,18.36909091
2206,2020-10-17 21:10:00,18.24821429
2207,2020-10-17 21:20:00,17.94385965
2208,2020-10-17 21:30:00,18.00416667
2209,2020-10-17 21:40:00,17.91272727
2210,2020-10-17 21:50:00,17.97924528
2211,2020-10-17 22:00:00,18.63275862
2212,2020-10-17 22:10:00,22.34
2213,2020-10-17 22:20:00,28.73275862
2214,2020-10-17 22:30:00,35.21034483
2215,2020-10-17 22:40:00,42.38596491
2216,2020-10-17 22:50:00,49.28947368
2217,2020-10-17 23:00:00,55.485
2218,2020-10-17 23:10:00,59.26363636
2219,2020-10-17 23:20:00,60.86101695
2220,2020-10-17 23:30:00,62.32
2221,2020-10-17 23:40:00,64.54067797
2222,2020-10-17 23:50:00,65.49464286
2223,2020-10-18 00:00:00,65.3137931
2224,2020-10-18 00:10:00,64.28888889
2225,2020-10-18 00:20:00,63.02745098
2226,2020-10-18 00:30:00,61.454
2227,2020-10-18 00:40:00,60.21525424
2228,2020-10-18 00:50:00,58.90535714
2229,2020-10-18 01:00:00,57.62982456
2230,2020-10-18 01:10:00,56.40545455
2231,2020-10-18 01:20:00,55.42115385
2232,2020-10-18 01:30:00,54.49464286
2233,2020-10-18 01:40:00,53.69661017
2234,2020-10-18 01:50:00,52.95423729
2235,2020-10-18 02:00:00,52.32542373
2236,2020-10-18 02:10:00,51.45
2237,2020-10-18 02:20:00,50.29423077
2238,2020-10-18 02:30:00,49.125
2239,2020-10-18 02:40:00,47.98947368
2240,2020-10-18 02:50:00,47.09622642
2241,2020-10-18 03:00:00,46.10740741
2242,2020-10-18 03:10:00,45.09298246
2243,2020-10-18 03:20:00,44.17454545
2244,2020-10-18 03:30:00,43.36727273
2245,2020-10-18 03:40:00,42.70508475
2246,2020-10-18 03:50:00,42.10535714
2247,2020-10-18 04:00:00,41.47894737
2248,2020-10-18 04:10:00,40.89811321
2249,2020-10-18 04:20:00,40.39107143
2250,2020-10-18 04:30:00,39.85862069
2251,2020-10-18 04:40:00,39.26271186
2252,2020-10-18 04:50:00,38.58518519
2253,2020-10-18 05:00:00,38.00508475
2254,2020-10-18 05:10:00,37.34333333
2255,2020-10-18 05:20:00,36.675
2256,2020-10-18 05:30:00,36.01153846
2257,2020-10-18 05:40:00,35.40877193
2258,2020-10-18 05:50:00,34.69137931
2259,2020-10-18 06:00:00,33.97894737
2260,2020-10-18 06:10:00,33.24821429
2261,2020-10-18 06:20:00,32.49298246
2262,2020-10-18 06:30:00,31.786
2263,2020-10-18 06:40:00,30.99655172
2264,2020-10-18 06:50:00,30.27166667
2265,2020-10-18 07:00:00,29.63103448
2266,2020-10-18 07:10:00,29.00172414
2267,2020-10-18 07:20:00,28.39666667
2268,2020-10-18 07:30:00,27.775
2269,2020-10-18 07:40:00,27.30925926
2270,2020-10-18 07:50:00,26.73793103
2271,2020-10-18 08:00:00,26.21272727
2272,2020-10-18 08:10:00,25.78103448
2273,2020-10-18 08:20:00,25.46923077
2274,2020-10-18 08:30:00,25.21186441
2275,2020-10-18 08:40:00,24.90714286
2276,2020-10-18 08:50:00,24.59464286
2277,2020-10-18 09:00:00,24.265
2278,2020-10-18 09:10:00,23.92333333
2279,2020-10-18 09:20:00,23.62363636
2280,2020-10-18 09:30:00,23.41666667
2281,2020-10-18 09:40:00,23.22321429
2282,2020-10-18 09:50:00,23.01355932
2283,2020-10-18 10:00:00,22.85454545
2284,2020-10-18 10:10:00,22.65925926
2285,2020-10-18 10:20:00,22.43508772
2286,2020-10-18 10:30:00,22.23389831
2287,2020-10-18 10:40:00,22.01864407
2288,2020-10-18 10:50:00,21.88245614
2289,2020-10-18 11:00:00,22.72068966
2290,2020-10-18 11:10:00,26.02758621
2291,2020-10-18 11:20:00,30.11052632
2292,2020-10-18 11:30:00,33.58888889
2293,2020-10-18 11:40:00,36.17457627
2294,2020-10-18 11:50:00,37.44827586
2295,2020-10-18 12:00:00,37.27288136
2296,2020-10-18 12:10:00,36.69661017
2297,2020-10-18 12:20:00,36.06666667
2298,2020-10-18 12:30:00,35.41428571
2299,2020-10-18 12:40:00,34.79464286
2300,2020-10-18 12:50:00,34.22413793
2301,2020-10-18 13:00:00,33.5862069
2302,2020-10-18 13:10:00,33.02592593
2303,2020-10-18 13:20:00,32.50535714
2304,2020-10-18 13:30:00,32.00784314
2305,2020-10-18 13:40:00,31.60677966
2306,2020-10-18 13:50:00,31.2
2307,2020-10-18 14:00:00,30.69833333
2308,2020-10-18 14:10:00,30.32222222
2309,2020-10-18 14:20:00,29.90526316
2310,2020-10-18 14:30:00,29.52105263
2311,2020-10-18 14:40:00,29.18448276
2312,2020-10-18 14:50:00,28.86034483
2313,2020-10-18 15:00:00,28.54035088
2314,2020-10-18 15:10:00,28.26034483
2315,2020-10-18 15:20:00,27.90877193
2316,2020-10-18 15:30:00,27.64736842
2317,2020-10-18 15:40:00,27.29107143
2318,2020-10-18 15:50:00,26.89433962
2319,2020-10-18 16:00:00,26.55263158
2320,2020-10-18 16:10:00,26.16785714
2321,2020-10-18 16:20:00,25.81929825
2322,2020-10-18 16:30:00,25.47413793
2323,2020-10-18 16:40:00,25.12678571
2324,2020-10-18 16:50:00,24.8220339
2325,2020-10-18 17:00:00,24.54137931
2326,2020-10-18 17:10:00,24.2375
2327,2020-10-18 17:20:00,23.97017544
2328,2020-10-18 17:30:00,23.71538462
2329,2020-10-18 17:40:00,23.43508772
2330,2020-10-18 17:50:00,23.16779661
2331,2020-10-18 18:00:00,22.88448276
2332,2020-10-18 18:10:00,22.62
2333,2020-10-18 18:20:00,22.32833333
2334,2020-10-18 18:30:00,22.092
2335,2020-10-18 18:40:00,21.82727273
2336,2020-10-18 18:50:00,21.50338983
2337,2020-10-18 19:00:00,21.29833333
2338,2020-10-18 19:10:00,20.99666667
2339,2020-10-18 19:20:00,20.73888889
2340,2020-10-18 19:30:00,20.50192308
2341,2020-10-18 19:40:00,20.30909091
2342,2020-10-18 19:50:00,20.10350877
2343,2020-10-18 20:00:00,19.85166667
2344,2020-10-18 20:10:00,19.7245614
2345,2020-10-18 20:20:00,19.53962264
2346,2020-10-18 20:30:00,19.42264151
2347,2020-10-18 20:40:00,19.23965517
2348,2020-10-18 20:50:00,19.02931034
2349,2020-10-18 21:00:00,18.9
2350,2020-10-18 21:10:00,18.74745763
2351,2020-10-18 21:20:00,18.61206897
2352,2020-10-18 21:30:00,18.30727273
2353,2020-10-18 21:40:00,18.3637931
2354,2020-10-18 21:50:00,18.04827586
2355,2020-10-18 22:00:00,16.95614035
2356,2020-10-18 22:10:00,14.46949153
2357,2020-10-18 22:20:00,13.22833333
2358,2020-10-18 22:30:00,13.04067797
2359,2020-10-18 22:40:00,9.82
2360,2020-10-18 22:50:00,6.705263158
2361,2020-10-18 23:00:00,5.988888889
2362,2020-10-18 23:10:00,10.35254237
2363,2020-10-18 23:20:00,20.03559322
2364,2020-10-18 23:30:00,23.88363636
2365,2020-10-18 23:40:00,28.07758621
2366,2020-10-18 23:50:00,31.16206897
2367,2020-10-19 00:00:00,33.30188679
2368,2020-10-19 00:10:00,34.05344828
2369,2020-10-19 00:20:00,34.03035714
2370,2020-10-19 00:30:00,33.64545455
2371,2020-10-19 00:40:00,33.1125
2372,2020-10-19 00:50:00,32.54
2373,2020-10-19 01:00:00,32.03508772
2374,2020-10-19 01:10:00,31.5877193
2375,2020-10-19 01:20:00,31.24385965
2376,2020-10-19 01:30:00,30.91403509
2377,2020-10-19 01:40:00,30.62156863
2378,2020-10-19 01:50:00,30.372
2379,2020-10-19 02:00:00,30.09107143
2380,2020-10-19 02:10:00,29.81016949
2381,2020-10-19 02:20:00,29.54821429
2382,2020-10-19 02:30:00,29.30677966
2383,2020-10-19 02:40:00,29.06166667
2384,2020-10-19 02:50:00,28.70666667
2385,2020-10-19 03:00:00,28.355
2386,2020-10-19 03:10:00,28.05263158
2387,2020-10-19 03:20:00,27.74655172
2388,2020-10-19 03:30:00,27.44680851
2389,2020-10-19 03:40:00,27.18545455
2390,2020-10-19 03:50:00,26.91016949
2391,2020-10-19 04:00:00,26.67192982
2392,2020-10-19 04:10:00,26.4559322
2393,2020-10-19 04:20:00,26.26363636
2394,2020-10-19 04:30:00,25.96666667
2395,2020-10-19 04:40:00,25.69322034
2396,2020-10-19 04:50:00,25.37818182
2397,2020-10-19 05:00:00,25.03
2398,2020-10-19 05:10:00,24.67192982
2399,2020-10-19 05:20:00,24.35
2400,2020-10-19 05:30:00,24.03207547
2401,2020-10-19 05:40:00,23.64814815
2402,2020-10-19 05:50:00,23.34285714
2403,2020-10-19 06:00:00,22.96724138
2404,2020-10-19 06:10:00,22.61403509
2405,2020-10-19 06:20:00,22.34
2406,2020-10-19 06:30:00,22.01206897
2407,2020-10-19 06:40:00,21.64067797
2408,2020-10-19 06:50:00,21.31551724
2409,2020-10-19 07:00:00,20.97719298
2410,2020-10-19 07:10:00,20.67241379
2411,2020-10-19 07:20:00,20.36666667
2412,2020-10-19 07:30:00,20.09019608
2413,2020-10-19 07:40:00,19.76792453
2414,2020-10-19 07:50:00,19.45666667
2415,2020-10-19 08:00:00,19.20517241
2416,2020-10-19 08:10:00,18.95849057
2417,2020-10-19 08:20:00,18.75263158
2418,2020-10-19 08:30:00,18.55263158
2419,2020-10-19 08:40:00,18.42363636
2420,2020-10-19 08:50:00,17.3
2421,2020-10-19 09:00:00,16.81754386
2422,2020-10-19 09:10:00,13.495
2423,2020-10-19 09:20:00,13.125
2424,2020-10-19 09:30:00,9.050877193
2425,2020-10-19 09:40:00,9.388333333
2426,2020-10-19 09:50:00,5.453703704
2427,2020-10-19 10:00:00,4.536538462
2428,2020-10-19 10:10:00,5.176595745
2429,2020-10-19 10:20:00,5.192727273
2430,2020-10-19 10:30:00,4.110204082
2431,2020-10-19 10:40:00,3.60625
2432,2020-10-19 10:50:00,4.132432432
2433,2020-10-19 11:00:00,2.786956522
2434,2020-10-19 11:10:00,2.636363636
2435,2020-10-19 11:20:00,2.719047619
2436,2020-10-19 11:30:00,2.41
2437,2020-10-19 11:40:00,2.566666667
2438,2020-10-19 11:50:00,2.710526316
2439,2020-10-19 12:00:00,2.371052632
2440,2020-10-19 12:10:00,3.254054054
2441,2020-10-19 12:20:00,10.72181818
2442,2020-10-19 12:30:00,19.87368421
2443,2020-10-19 12:40:00,21.75636364
2444,2020-10-19 12:50:00,22.2
2445,2020-10-19 13:00:00,22.04210526
2446,2020-10-19 13:10:00,21.85166667
2447,2020-10-19 13:20:00,21.626
2448,2020-10-19 13:30:00,21.42222222
2449,2020-10-19 13:40:00,21.215
2450,2020-10-19 13:50:00,21.01551724
2451,2020-10-19 14:00:00,20.86101695
2452,2020-10-19 14:10:00,20.72857143
2453,2020-10-19 14:20:00,20.68214286
2454,2020-10-19 14:30:00,20.52407407
2455,2020-10-19 14:40:00,20.46034483
2456,2020-10-19 14:50:00,20.37413793
2457,2020-10-19 15:00:00,20.33333333
2458,2020-10-19 15:10:00,20.30517241
2459,2020-10-19 15:20:00,20.25517241
2460,2020-10-19 15:30:00,20.19107143
2461,2020-10-19 15:40:00,20.15
2462,2020-10-19 15:50:00,20.08
2463,2020-10-19 16:00:00,20.03157895
2464,2020-10-19 16:10:00,19.97966102
2465,2020-10-19 16:20:00,19.82166667
2466,2020-10-19 16:30:00,19.70877193
2467,2020-10-19 16:40:00,19.56428571
2468,2020-10-19 16:50:00,19.47758621
2469,2020-10-19 17:00:00,19.35818182
2470,2020-10-19 17:10:00,19.24464286
2471,2020-10-19 17:20:00,19.16785714
2472,2020-10-19 17:30:00,18.96923077
2473,2020-10-19 17:40:00,18.78245614
2474,2020-10-19 17:50:00,18.63793103
2475,2020-10-19 18:00:00,18.52545455
2476,2020-10-19 18:10:00,18.38135593
2477,2020-10-19 18:20:00,18.08596491
2478,2020-10-19 18:30:00,17.28793103
2479,2020-10-19 18:40:00,15.43
2480,2020-10-19 18:50:00,15.54310345
2481,2020-10-19 19:00:00,14.675
2482,2020-10-19 19:10:00,13.43833333
2483,2020-10-19 19:20:00,14.01333333
2484,2020-10-19 19:30:00,11.9245614
2485,2020-10-19 19:40:00,9.966666667
2486,2020-10-19 19:50:00,7.736206897
2487,2020-10-19 20:00:00,5.4875
2488,2020-10-19 20:10:00,4.950877193
2489,2020-10-19 20:20:00,5.444827586
2490,2020-10-19 20:30:00,4.733333333
2491,2020-10-19 20:40:00,3.458139535
2492,2020-10-19 20:50:00,3.99
2493,2020-10-19 21:00:00,3.315789474
2494,2020-10-19 21:10:00,2.457142857
2495,2020-10-19 21:20:00,3.202325581
2496,2020-10-19 21:30:00,3.488
2497,2020-10-19 21:40:00,2.56
2498,2020-10-19 21:50:00,1.981818182
2499,2020-10-19 22:00:00,2.854545455
2500,2020-10-19 22:10:00,3.784375
2501,2020-10-19 22:20:00,1.752631579
2502,2020-10-19 22:30:00,2.789473684
2503,2020-10-19 22:40:00,2.740909091
2504,2020-10-19 22:50:00,2.428571429
2505,2020-10-19 23:00:00,3.797058824
2506,2020-10-19 23:10:00,2.133333333
2507,2020-10-19 23:20:00,2.455
2508,2020-10-19 23:30:00,2.208
2509,2020-10-19 23:40:00,2.347826087
2510,2020-10-19 23:50:00,3.154166667
2511,2020-10-20 00:00:00,3.093333333
2512,2020-10-20 00:10:00,2.78
2513,2020-10-20 00:20:00,13.43508772
2514,2020-10-20 00:30:00,20.42631579
2515,2020-10-20 00:40:00,24.47288136
2516,2020-10-20 00:50:00,26.33272727
2517,2020-10-20 01:00:00,26.62982456
2518,2020-10-20 01:10:00,26.60740741
2519,2020-10-20 01:20:00,26.34821429
2520,2020-10-20 01:30:00,26.00769231
2521,2020-10-20 01:40:00,25.718
2522,2020-10-20 01:50:00,25.42413793
2523,2020-10-20 02:00:00,25.1137931
2524,2020-10-20 02:10:00,24.81636364
2525,2020-10-20 02:20:00,24.55789474
2526,2020-10-20 02:30:00,24.29122807
2527,2020-10-20 02:40:00,24.02542373
2528,2020-10-20 02:50:00,23.75166667
2529,2020-10-20 03:00:00,23.5375
2530,2020-10-20 03:10:00,23.27678571
2531,2020-10-20 03:20:00,23.01052632
2532,2020-10-20 03:30:00,22.85740741
2533,2020-10-20 03:40:00,22.63793103
2534,2020-10-20 03:50:00,22.52931034
2535,2020-10-20 04:00:00,22.46724138
2536,2020-10-20 04:10:00,22.3137931
2537,2020-10-20 04:20:00,22.17586207
2538,2020-10-20 04:30:00,22.09152542
2539,2020-10-20 04:40:00,21.93035714
2540,2020-10-20 04:50:00,21.78035714
2541,2020-10-20 05:00:00,21.62413793
2542,2020-10-20 05:10:00,21.44827586
2543,2020-10-20 05:20:00,21.2362069
2544,2020-10-20 05:30:00,21.07592593
2545,2020-10-20 05:40:00,20.8779661
2546,2020-10-20 05:50:00,20.74545455
2547,2020-10-20 06:00:00,20.58965517
2548,2020-10-20 06:10:00,20.45344828
2549,2020-10-20 06:20:00,20.31694915
2550,2020-10-20 06:30:00,20.0862069
2551,2020-10-20 06:40:00,19.99482759
2552,2020-10-20 06:50:00,19.81481481
2553,2020-10-20 07:00:00,19.56296296
2554,2020-10-20 07:10:00,19.39444444
2555,2020-10-20 07:20:00,19.12758621
2556,2020-10-20 07:30:00,18.95636364
2557,2020-10-20 07:40:00,18.73389831
2558,2020-10-20 07:50:00,18.57413793
2559,2020-10-20 08:00:00,18.45344828
2560,2020-10-20 08:10:00,18.30169492
2561,2020-10-20 08:20:00,18.20877193
2562,2020-10-20 08:30:00,18.13275862
2563,2020-10-20 08:40:00,17.97931034
2564,2020-10-20 08:50:00,17.84
2565,2020-10-20 09:00:00,17.78214286
2566,2020-10-20 09:10:00,17.70526316
2567,2020-10-20 09:20:00,17.6462963
2568,2020-10-20 09:30:00,17.61818182
2569,2020-10-20 09:40:00,17.60535714
2570,2020-10-20 09:50:00,17.59322034
2571,2020-10-20 10:00:00,17.55689655
2572,2020-10-20 10:10:00,17.18135593
2573,2020-10-20 10:20:00,16.53666667
2574,2020-10-20 10:30:00,16.16271186
2575,2020-10-20 10:40:00,14.51864407
2576,2020-10-20 10:50:00,14.8
2577,2020-10-20 11:00:00,15.31551724
2578,2020-10-20 11:10:00,16.29
2579,2020-10-20 11:20:00,14.76333333
2580,2020-10-20 11:30:00,15.925
2581,2020-10-20 11:40:00,17.02068966
2582,2020-10-20 11:50:00,17.24137931
2583,2020-10-20 12:00:00,17.02931034
2584,2020-10-20 12:10:00,17.39636364
2585,2020-10-20 12:20:00,18.2875
2586,2020-10-20 12:30:00,20.99821429
2587,2020-10-20 12:40:00,26.51355932
2588,2020-10-20 12:50:00,32.16666667
2589,2020-10-20 13:00:00,34.18166667
2590,2020-10-20 13:10:00,34.11694915
2591,2020-10-20 13:20:00,33.72857143
2592,2020-10-20 13:30:00,33.21636364
2593,2020-10-20 13:40:00,32.68474576
2594,2020-10-20 13:50:00,32.19824561
2595,2020-10-20 14:00:00,31.67636364
2596,2020-10-20 14:10:00,31.12068966
2597,2020-10-20 14:20:00,30.62321429
2598,2020-10-20 14:30:00,30.15344828
2599,2020-10-20 14:40:00,29.73389831
2600,2020-10-20 14:50:00,29.30178571
2601,2020-10-20 15:00:00,28.95932203
2602,2020-10-20 15:10:00,28.54912281
2603,2020-10-20 15:20:00,28.2637931
2604,2020-10-20 15:30:00,27.88148148
2605,2020-10-20 15:40:00,27.62592593
2606,2020-10-20 15:50:00,27.3754386
2607,2020-10-20 16:00:00,27.13703704
2608,2020-10-20 16:10:00,26.93272727
2609,2020-10-20 16:20:00,26.68666667
2610,2020-10-20 16:30:00,26.47966102
2611,2020-10-20 16:40:00,26.26491228
2612,2020-10-20 16:50:00,26.06034483
2613,2020-10-20 17:00:00,25.76909091
2614,2020-10-20 17:10:00,25.42333333
2615,2020-10-20 17:20:00,25.19137931
2616,2020-10-20 17:30:00,24.96140351
2617,2020-10-20 17:40:00,24.78793103
2618,2020-10-20 17:50:00,24.52241379
2619,2020-10-20 18:00:00,24.32280702
2620,2020-10-20 18:10:00,24.00188679
2621,2020-10-20 18:20:00,23.76206897
2622,2020-10-20 18:30:00,23.52545455
2623,2020-10-20 18:40:00,23.29482759
2624,2020-10-20 18:50:00,23.13103448
2625,2020-10-20 19:00:00,22.95535714
2626,2020-10-20 19:10:00,22.72758621
2627,2020-10-20 19:20:00,22.56923077
2628,2020-10-20 19:30:00,22.40714286
2629,2020-10-20 19:40:00,22.205
2630,2020-10-20 19:50:00,22.00338983
2631,2020-10-20 20:00:00,21.81568627
2632,2020-10-20 20:10:00,21.59661017
2633,2020-10-20 20:20:00,21.39285714
2634,2020-10-20 20:30:00,21.07017544
2635,2020-10-20 20:40:00,20.83833333
2636,2020-10-20 20:50:00,20.59818182
2637,2020-10-20 21:00:00,20.39310345
2638,2020-10-20 21:10:00,20.17719298
2639,2020-10-20 21:20:00,19.94310345
2640,2020-10-20 21:30:00,19.66491228
2641,2020-10-20 21:40:00,19.52678571
2642,2020-10-20 21:50:00,19.34727273
2643,2020-10-20 22:00:00,19.18965517
2644,2020-10-20 22:10:00,19.02142857
2645,2020-10-20 22:20:00,18.9122807
2646,2020-10-20 22:30:00,18.81694915
2647,2020-10-20 22:40:00,18.71206897
2648,2020-10-20 22:50:00,18.63965517
2649,2020-10-20 23:00:00,18.59655172
2650,2020-10-20 23:10:00,18.52881356
2651,2020-10-20 23:20:00,18.54727273
2652,2020-10-20 23:30:00,18.45
2653,2020-10-20 23:50:00,18.25172414
2654,2020-10-21 00:00:00,18.21694915
2655,2020-10-21 00:10:00,18.19642857
2656,2020-10-21 00:20:00,18.14137931
2657,2020-10-21 00:30:00,18.13518519
2658,2020-10-21 00:40:00,18.19649123
2659,2020-10-21 00:50:00,18.18103448
2660,2020-10-21 01:00:00,18.07321429
2661,2020-10-21 01:10:00,18.03207547
2662,2020-10-21 01:20:00,17.8637931
2663,2020-10-21 01:30:00,17.78076923
2664,2020-10-21 01:40:00,17.67962963
2665,2020-10-21 01:50:00,17.61724138
2666,2020-10-21 02:00:00,17.46491228
2667,2020-10-21 02:10:00,17.36181818
2668,2020-10-21 02:20:00,17.32631579
2669,2020-10-21 02:30:00,17.2362069
2670,2020-10-21 02:40:00,17.20689655
2671,2020-10-21 02:50:00,17.12407407
2672,2020-10-21 03:00:00,16.98245614
2673,2020-10-21 03:10:00,16.93050847
2674,2020-10-21 03:20:00,16.8754386
2675,2020-10-21 03:30:00,16.42727273
2676,2020-10-21 03:40:00,15.44126984
2677,2020-10-21 03:50:00,16.23333333
2678,2020-10-21 04:00:00,16.03898305
2679,2020-10-21 04:10:00,15.43272727
2680,2020-10-21 04:20:00,15.43728814
2681,2020-10-21 04:30:00,14.35263158
2682,2020-10-21 04:40:00,14.01666667
2683,2020-10-21 04:50:00,12.25
2684,2020-10-21 05:00:00,13.64
2685,2020-10-21 05:10:00,14.025
2686,2020-10-21 05:20:00,13.7637931
2687,2020-10-21 05:30:00,12.08305085
2688,2020-10-21 05:40:00,12.20701754
2689,2020-10-21 05:50:00,8.753448276
2690,2020-10-21 06:00:00,6.805882353
2691,2020-10-21 06:10:00,5.105555556
2692,2020-10-21 06:20:00,5.268421053
2693,2020-10-21 06:30:00,3.065853659
2694,2020-10-21 06:40:00,3.1075
2695,2020-10-21 06:50:00,2.752631579
2696,2020-10-21 07:00:00,0.925
2697,2020-10-21 07:10:00,1.193333333
2698,2020-10-21 07:20:00,0.45
2699,2020-10-21 07:30:00,1.5
